11:33:57,131.33,35.32,-27.78,43.28,-50.55,37.56,13.31,41.2,33,33,33.3,33.1,33.2,33.4,55.5,55.6,54.6,55.5,54.7,54
11:34:07,132.1,33.32,-27.61,41.38,-42.61,36.83,13.13,39.37,32.7,32.6,33,32.7,33.1,33.1,56.2,56.4,55.2,56.8,55.8,55.3
11:34:17,127.59,36.87,-29.07,44.16,-60.27,39.43,11.85,42.51,32.9,32.8,33.2,32.9,33.3,33.3,56.2,56.5,55,56.5,55.6,55.1
11:34:27,125.83,33.39,-26.38,40.87,-49.49,35.94,11.81,39.26,33.1,33,33.4,33.1,33.4,33.4,56,56.2,54.7,56.3,55.4,54.9
11:34:37,126.14,35.87,-24.39,43.18,-10.5,39.61,11.8,41.56,33.2,33.1,33.5,33.2,33.5,33.5,55.4,55.6,54.1,55.7,54.9,54.4
11:34:47,121.69,35.44,-24.29,43.03,-17.78,40.05,9.75,40.91,33.2,33.1,33.5,33.2,33.5,33.6,55.2,55.5,54,55.6,54.7,54.1
11:34:57,123.78,35.67,-24.06,43.16,-295.31,38.43,9.21,41.15,33,32.9,33.5,33.1,33.5,33.5,55.1,55.5,53.8,55.4,54.4,53.7
11:35:07,119.93,34.53,-26.76,42.26,-321.32,36.01,9.9,40.23,33,32.9,33.5,33.1,33.5,33.6,55.2,55.5,53.7,55.5,54.3,53.7
11:35:17,119.39,34.79,-26.19,42.48,-383.39,32.67,11.18,40.51,32.9,32.8,33.5,32.9,33.5,33.6,55.5,55.8,53.7,55.8,54.3,53.7
11:35:27,118.09,34.88,-27.68,42.82,-263.09,33.03,15.75,40.57,33.1,33,33.6,33.1,33.6,33.9,55.5,55.7,53.6,56,54.3,53.2
11:35:37,121.54,35.51,-24.01,43.39,-340.91,31.95,15.46,40.81,33.1,33.1,33.6,33.3,33.7,34,54.9,55.1,53.2,55.2,53.9,52.5
11:35:47,126.18,36.04,-30.56,43.86,-265.77,31.96,14.95,41.47,33.3,33.4,33.8,33.5,33.8,34.2,54.8,54.7,53.1,54.8,53.8,52.4
11:35:57,133.51,35.74,-25.29,43.86,-111.44,33.65,15.6,41.39,33.4,33.4,33.8,33.5,33.8,34.3,54.4,54.3,52.9,54.4,53.5,51.9
11:36:07,134.89,33.34,-23.91,41.53,-342.43,29.97,18.96,38.42,33.5,33.5,33.9,33.6,33.9,34.2,54,53.9,52.4,53.9,53.2,51.7
11:36:17,135.25,35.14,-29,43.38,-410.05,28.94,18.15,40.56,33.6,33.6,33.9,33.7,33.9,34.3,53.9,54,52.5,54,53.3,51.8
11:36:27,134.08,35.07,-24.68,43.28,-416.71,29.04,21.41,40.03,33.7,33.7,34,33.8,34,34.5,53.6,53.7,52.3,53.8,53.2,51.4
11:36:37,140.54,34.76,-23.02,43.03,-441.11,27.57,20.73,40.34,33.5,33.7,34,33.9,33.9,33.8,53.7,53.5,52.2,53.2,53.2,52.5
11:36:47,144.57,35.91,-27.03,44.42,-266.77,27.83,22.9,41.2,33.8,33.9,34.2,34.1,34,34.1,53.6,53.1,52,53.1,53.2,52.5
11:36:57,146.65,35.1,-21.29,43.61,-103.75,31.69,21.72,41.26,33.8,34,34.2,34.2,34,34.2,53.4,52.9,51.9,52.9,53.1,52.2
11:37:07,152.26,33.52,-21.83,41.85,-68.01,31.88,20.83,39.38,33.8,34,34.1,34.2,34,34.1,53.2,52.7,51.7,52.3,53,52
11:37:17,152.8,34.59,-23.67,42.83,-394.08,31.57,20.91,40.16,33.8,34,34.2,34.3,34,34.3,53.1,52.7,51.6,52.3,52.9,51.8
11:37:27,154.63,34.11,-21.07,42.42,-298.13,30.88,24.77,39.97,33.8,33.9,34.2,34.3,34,34.2,53,52.7,51.5,52.3,52.8,51.7
11:37:37,153.34,35.42,-21.15,43.75,-372.25,31.34,24.24,41.04,33.8,33.8,34.1,34.2,33.9,34.1,53.2,53,51.8,52.4,53.3,52.1
11:37:47,155.73,32.79,-26.63,41.58,-418.92,27.25,25.61,38.48,33.9,33.9,34.2,34.3,33.9,34.3,53,52.8,51.5,52.1,53,51.8
11:37:57,156.95,33.71,-22.93,43.12,-432.09,27.6,26.54,39.29,34,34.1,34.4,34.5,34.1,34.6,52.6,52.4,51.2,51.9,52.7,51.2
11:38:07,161.58,33.98,-20.89,42.41,-401.83,27.83,30.32,39.49,34.2,34.2,34.5,34.5,34.2,34.7,52.3,52.1,51.1,51.7,52.5,50.6
11:38:17,164.58,34.11,-25.76,43.13,-313,29.01,30.38,40.03,34.3,34.3,34.5,34.6,34.3,34.9,51.6,51.4,50.3,51.2,51.7,49.9
11:38:27,169.65,35.01,-22.34,43.86,-367.07,30.42,29.88,40.21,34.3,34.3,34.5,34.6,34.3,35,51.6,51.4,50.5,51.4,51.9,49.9
11:38:37,171.23,34.33,-19.3,43.61,-361.04,29.45,32.21,40.62,34.3,34.3,34.5,34.6,34.3,34.9,51.5,51.6,50.5,51.3,51.8,49.9
11:38:47,174.07,35.56,-19.53,44.7,-410.3,29.56,32.55,41.42,34.4,34.4,34.5,34.7,34.4,35.1,51.6,51.6,50.7,51.3,51.9,49.8
11:38:57,176.28,36.56,-18.78,45.79,-360.85,31.86,34.93,42.57,34.6,34.5,34.7,34.8,34.5,35.2,51.3,51.4,50.6,51.1,51.8,49.5
11:39:07,179.11,36.64,-17.67,45.68,-445.12,30.22,33.63,43.06,34.7,34.6,34.7,34.9,34.6,35.4,51,51.2,50.4,50.8,51.6,49.2
11:39:17,183.56,33.95,-20.98,43.59,-418.77,27.1,36.36,39.13,34.8,34.8,34.9,35.1,34.7,35.6,50.8,50.9,50.2,50.5,51.4,48.7
11:39:27,188.7,34.13,-17.49,43.63,-416.44,28.23,39.12,40.31,35,34.9,35,35.3,34.8,35.7,50.5,50.6,50,50.2,51.1,48.5
11:39:37,190.32,34.78,-17.87,44.33,-105.21,30.78,35.46,40.96,35.1,35,35.1,35.3,34.9,35.8,50.4,50.5,49.8,50.1,51,48.2
11:39:47,192.5,34.47,-18.58,43.79,-16.2,33.55,41,41.04,35.1,35.1,35.1,35.4,35,35.9,50,50.1,49.5,49.6,50.6,47.8
11:39:57,193.93,35.69,-15.7,44.89,-41.81,37.12,37.56,42.46,35.1,35.1,35.1,35.4,35,35.9,49.9,49.9,49.2,49.5,50.4,47.7
11:40:07,192.99,33.52,-15.17,42.9,-1.95,37.38,34.74,39.77,34.7,34.7,35,34.9,34.8,35.6,50.5,50.4,49.4,50.5,50.8,48.3
11:40:17,190.67,35.24,-16.24,44.27,-25.76,38.96,33.82,41.41,34.4,34.5,34.8,34.7,34.7,35.3,50.9,50.8,49.5,50.6,50.7,48.5
11:40:27,186.2,36.4,-15.94,45.69,-3.07,40.71,31.11,42.95,34.4,34.4,34.8,34.7,34.6,35.3,51.1,51,49.6,50.6,50.8,48.6
11:40:37,183.43,34.14,-20.12,43.56,9.67,39.28,33.68,41.11,34.3,34.4,34.7,34.7,34.6,35.2,51.3,51.2,49.8,50.6,50.9,48.7
11:40:47,178.35,37.29,-14.52,46.02,-19.05,42.44,28.56,43.92,34.1,34.2,34.6,34.5,34.4,35,51.9,51.7,50.2,51.3,51.4,49.4
11:40:57,175.62,35.88,-17.8,45.28,-143.33,40.09,28.5,42.22,34,34,34.5,34.3,34.3,34.9,52.2,52.2,50.6,51.9,51.7,49.9
11:41:07,172.43,34.06,-13.93,43.09,-300.64,36.06,29.4,40.16,34,33.9,34.4,34.3,34.3,34.8,52.4,52.4,50.7,52,51.8,50.1
11:41:17,167.41,34.73,-12.41,44.21,-299.84,34.37,27.59,40.98,33.9,33.8,34.4,34.2,34.2,34.7,52.9,52.8,51,52.5,52.3,50.5
11:41:27,172.58,34.89,-12.86,44.08,-318.26,33.37,28.2,40.88,34,34,34.5,34.3,34.3,34.8,52.6,52.7,50.9,52.2,52.2,50.2
11:41:37,168.7,35.2,-12.29,44.46,-395.98,31.84,31.47,41.56,34,34,34.5,34.4,34.3,34.9,52.6,52.7,50.9,52.2,52.2,50.2
11:41:47,172.34,36.77,-12.68,46.21,-397.88,31.96,32.1,42.98,34.2,34.1,34.6,34.5,34.4,35.1,52.3,52.6,50.8,52,52.2,50
11:41:57,175.48,36.16,-17.28,45.64,-425.94,28.93,33.18,42.17,34.2,34.2,34.7,34.6,34.4,35.3,52.2,52.3,50.7,51.8,52.1,49.5
11:42:07,177.1,35.47,-11.4,44.67,-448.93,27.18,34.86,40.57,34.1,34.1,34.4,34.4,34.2,35,52.2,52.2,50.8,51.7,52.1,49.5
11:42:17,182.37,35.13,-10.19,44.31,-313.18,27.94,34.64,41.21,34.1,34.2,34.6,34.2,34.2,34.8,52.8,52.5,51.2,52.6,52.7,50.6
11:42:27,184.41,37.68,-12.72,47.37,-142.05,34.56,36.1,44.57,34.3,34.5,34.8,34.5,34.4,35.1,52.1,51.9,50.6,52.1,52.3,50.2
11:42:37,188.48,37.87,-12.61,46.95,-174.04,35.21,33.92,44.05,34.4,34.5,34.8,34.6,34.4,35.1,51.6,51.5,50.1,51.7,51.9,49.7
11:42:47,190.44,34.48,-9.51,43.72,-393.21,30.42,35.29,41.18,34.5,34.6,34.9,34.7,34.5,35.3,51.5,51.3,50.1,51.5,51.8,49.5
11:42:57,187.39,37.52,-12.74,46.89,-109.41,34.62,34.38,43.98,34.7,34.7,35,34.9,34.7,35.4,51.2,51,49.9,51.1,51.6,49.1
11:43:07,188.6,35.55,-13.07,45.03,-83.81,35.09,34.11,42.63,34.8,34.8,35.2,35,34.7,35.6,51,50.8,49.7,50.9,51.3,48.7
11:43:17,192.25,34.23,-15.38,43.55,-95.05,33.7,33.95,40.58,34.7,34.8,35.1,35,34.7,35.6,51.1,50.9,49.7,50.9,51.3,48.7
11:43:27,190.77,34.33,-16.05,43.64,-104.39,33.73,34.04,41.18,34.6,34.7,35,34.8,34.6,35.3,51.2,51.1,49.8,51.2,51.6,49.2
11:43:37,186.42,35.77,-12.21,45.43,-86.24,35.93,30.53,41.03,34.4,34.5,34.8,34.8,34.6,35.3,51.9,51.6,50.3,51.6,51.8,49.5
11:43:47,183.11,34.69,-14.09,43.58,-167.19,34.87,30.1,40.33,34.3,34.5,34.9,34.8,34.7,35.3,52.1,51.7,50.4,51.5,51.8,49.5
11:43:57,181.76,38.41,-11.15,47.62,-379.12,35.08,31.68,44.12,34.1,34.2,34.6,34.5,34.5,34.9,52.4,52,50.7,51.6,51.7,49.9
11:44:07,178.93,36.27,-24.01,45.49,-63,32.41,29.58,41.7,34.2,34.2,34.6,34.4,34.5,34.9,52.5,52.2,50.8,52.1,51.8,50.2
11:44:17,179.48,35.42,-7.96,44.82,-22.32,35.03,30.17,41.26,34.1,34,34.3,34.1,34.3,34.7,52.2,52.2,51,52.3,51.8,50.2
11:44:27,183.53,36.17,-17.24,45.71,-18.87,37.32,28.56,42.35,33.5,33.5,33.7,33.5,33.8,34.5,53.5,53.7,52.8,53.9,53.2,51.1
11:44:37,182.35,36.9,-12.11,45.92,-69.87,38.67,28.81,42.24,33.1,33.2,33.6,33.6,33.6,33.9,54.3,54.1,52.9,54,53.5,51.9
11:44:47,177.64,37.03,-20.59,46.13,10.58,39.66,28.87,43.3,32.6,32.6,33,33.7,33.2,33.4,55.7,55.5,54.3,53.6,54.7,53.3
11:44:57,171.09,38.5,-13.23,47.09,-3.17,41.56,22.92,43.8,32.5,32.5,32.9,33.8,32.9,33.1,56.1,56,54.8,53.3,55.2,54.2
11:45:07,172.09,36.19,-11.17,45.03,16.43,39.91,22,42.45,32.3,32.5,32.9,33.9,32.9,32.6,56.8,56.4,55.1,53.2,55.8,55.8
11:45:17,166.25,35.24,-13.19,44.06,-0.39,38.81,22.37,40.33,32.3,32.6,33,34,32.9,32.7,57.2,56.5,55.1,53.2,55.8,55.9
11:45:27,161.86,35.79,-13.83,44.51,24.25,39.93,21.07,41.06,32.4,32.6,33.1,34,33,32.8,57.2,56.4,55,53.1,55.8,55.9
11:45:37,159.72,36.63,-22.66,44.7,35.73,40.84,18.56,41.66,31.8,32.2,32.6,34,32.5,32,57.6,56.8,55.5,52.9,56.4,56.7
11:45:47,153.65,37.03,-12.51,44.9,3.51,40.98,16.34,43.03,31.3,31.6,32.1,33.2,32.1,31.7,59.6,58.7,57,54.1,57.8,58.6
11:45:57,153.93,35.11,-10.8,42.96,15.9,38.89,14.89,40.12,31.3,31.5,31.9,32.5,31.9,31.7,60.2,59.7,58,56.5,58.9,59.2
11:46:07,147.47,37.1,-13.88,45.04,6.51,41.47,13.37,42.52,31.6,31.7,32.2,32.5,32.1,32,59.9,59.5,57.9,57.4,58.9,58.7
11:46:17,143.34,38.07,-10.54,46.06,-36.41,41.68,11.93,44.39,31.8,31.9,32.4,32.5,32.2,32.1,59.5,59,57.4,57.7,58.5,58.5
11:46:27,142.29,37.68,-13.36,45.97,-182.02,39.98,11.64,43.01,32,32.2,32.6,32.5,32.4,32.2,58.7,58.3,56.8,57.6,58,58.1
11:46:37,138.99,37.7,-7.1,45.24,-119.85,39.61,11.18,42.48,32.3,32.4,32.8,32.8,32.6,32.5,58,57.6,56.2,56.9,57.4,57.4
11:46:47,137.62,36.72,-8.07,44.41,-38.23,38.75,11.61,41.84,32.4,32.6,32.9,33,32.8,32.7,57.5,57,55.7,56.3,56.9,56.7
11:46:57,138.96,36.38,-12.82,44.35,-3.42,39.26,11.3,41.79,32.6,32.7,33,33.1,32.9,32.8,57,56.7,55.3,55.9,56.5,56.2
11:47:07,137.96,35.73,-6.28,43.3,15.48,39.56,7.44,41.36,32.6,32.7,33,33.2,32.9,32.9,56.8,56.5,55.2,55.6,56.3,56
11:47:17,135.92,38.58,-5.58,46.35,22.61,43.15,6.98,43.97,32.6,32.7,33.1,33.2,32.9,32.8,56.8,56.5,55.2,55.5,56.2,56
11:47:27,133.68,36.72,-3.5,44.21,29.73,41.54,6.22,41.65,32.6,32.7,33.1,33.2,33,32.9,56.8,56.6,55.2,55.5,56.2,56
11:47:37,131.38,36.62,-5.98,44,26.87,41.73,4.51,41.72,32.6,32.6,33,33.2,33,33,56.5,56.4,55,55.2,55.9,55.5
11:47:47,129.27,37.46,-6.98,44.93,30.3,43.1,5.44,42.36,32.5,32.4,33,33.1,32.9,33,56.7,56.7,55.1,55.5,55.9,55.5
11:47:57,125.89,37.63,-5.29,44.77,24.19,42.82,1.69,42.67,32.4,32.4,32.9,33.1,32.9,32.9,57.1,57.1,55.4,55.7,56,55.5
11:48:07,122.19,35.79,-5.27,42.71,32.48,41.21,-0.06,41.66,32.5,32.5,33,33.1,33,33,56.9,57,55.3,55.7,56.1,55.4
11:48:17,118.69,34.97,-12.52,42.21,-260.96,38.37,3.53,40.1,32.5,32.4,32.9,33,32.9,32.9,57,57.1,55.5,55.8,56.1,55.6
11:48:27,117.17,36.87,-9.8,44.24,-318.13,36.58,1.69,41.83,32.3,32.2,32.7,33,32.6,32.6,57.3,57.4,55.9,56.1,56.6,56.2
11:48:37,111.86,36.8,-8.78,44.34,-350.81,34.9,1.35,42.12,32.4,32.4,32.8,33.1,32.8,32.7,57.5,57.5,56.1,55.9,56.8,56.6
11:48:47,115,37.13,-5.43,44.54,-334.01,33.96,7.91,42.17,32.6,32.6,33,33.2,33,33,56.9,56.8,55.5,55.5,56.3,55.9
11:48:57,119.32,37.31,-3.07,45.19,-326.39,33.35,5.17,42.43,32.8,32.8,33.2,33.4,33.1,33.2,56.2,56.2,54.9,55,55.8,55
11:49:07,124.44,36.81,-4.12,43.95,-315.41,33.52,7.65,41.38,33,33,33.4,33.5,33.3,33.5,55.6,55.5,54.2,54.5,55.2,54.2
11:49:17,128.34,37.93,-3.91,45.13,-306.61,34.19,11.7,43.13,33,33.1,33.4,33.5,33.4,33.6,55.3,55.2,54,54.3,54.9,53.7
11:49:27,129.42,35.15,-3.31,42.67,-318.41,31.25,13.61,40.12,33.1,33.1,33.5,33.6,33.4,33.7,55.1,55,53.6,54,54.6,53.2
11:49:37,132.28,36.67,-2.34,44.33,-349.46,32.87,13.36,42.42,33.1,33.1,33.6,33.7,33.5,33.9,55.1,55.1,53.6,54,54.5,53
11:49:47,135.54,37,-7.75,44.77,-349.05,32.42,11.94,42.25,33.2,33.2,33.7,33.7,33.6,34,54.9,54.9,53.2,53.8,54.3,52.8
11:49:57,140.61,35.01,-2.33,42.44,-362.53,30.2,14.53,39.88,33.4,33.3,33.7,33.8,33.7,34.2,54.6,54.7,53.1,53.7,54.2,52.3
11:50:07,142.47,36.35,-3.48,45.03,-413.4,30.42,17.65,42.44,33.5,33.5,33.9,34,33.8,34.4,54.2,54.3,52.8,53.4,53.8,51.7
11:50:17,147.76,34.73,-4.09,42.6,-384.27,28.72,19.25,39.94,33.6,33.6,34,34,33.9,34.6,54,54,52.5,53.2,53.6,51.4
11:50:27,147.98,36.6,-4.99,45.02,-381.72,30.78,17.87,41.48,33.7,33.7,34.1,34.2,34,34.7,53.8,53.7,52.3,53.1,53.5,51.1
11:50:37,154.19,35.73,-5.46,43.66,-398.32,28.86,20.78,40.6,33.9,33.9,34.2,34.3,34.1,34.9,53.5,53.4,52,52.8,53.3,50.7
11:50:47,155.53,36.98,-7.88,46.32,-337.34,29.09,23.58,42.36,34,34,34.3,34.4,34.2,35.1,53.2,53.2,51.9,52.7,53,50.4
11:50:57,162.71,35.98,-4.03,45.45,-322.89,29.17,25.78,42.04,33.8,33.8,34,34,33.9,34.7,52.9,52.8,51.8,52.4,52.8,50.4
11:51:07,165.64,36.53,-3.61,45.26,-415.62,31.01,23.68,42.04,33.2,33.2,33.4,33.4,33.5,34.2,54.5,54.6,53.8,54.2,54.2,51.8
11:51:17,164.52,36.07,-6.24,44.72,-413.9,28.82,26.48,41.21,33.5,33.4,33.8,33.7,33.7,34.5,54.4,54.5,53.2,54.2,54,51.5
11:51:27,169.7,37.31,-3.84,45.84,-437.1,28.54,26.45,43.16,33.7,33.7,34,33.9,33.9,34.7,54,54,52.7,53.7,53.7,51
11:51:37,173.4,36.05,-5.47,44.73,-419.65,27.94,30.4,42.04,34,33.9,34.3,34.2,34.1,35,53.2,53.4,52.1,53.1,53.2,50.4
11:51:47,174.23,36.89,-4.58,45.53,-367.79,28.18,31.62,42.44,34.1,34.1,34.4,34.4,34.3,35.3,53,52.8,51.7,52.7,52.8,49.7
11:51:57,178.36,35.13,-4.45,43.92,-409.15,27.37,33.89,40.48,34.2,34.2,34.5,34.4,34.4,35.4,52.5,52.4,51.3,52.3,52.4,49.4
11:52:07,180.75,36.67,0.39,45.35,-451.74,27.19,32.83,41.89,nan,34.4,34.7,34.6,34.6,35.5,nan,52.1,51,52.1,52.1,49.3
11:52:17,184.58,36.38,-2.17,45.26,-466.25,26.53,34.51,42.18,34.5,34.6,34.9,34.7,34.7,35.7,52,51.8,50.7,51.8,51.9,48.9
11:52:27,185.9,37.35,0.4,46.64,-441.58,27.96,38.36,43.57,34.7,34.8,35.1,34.9,34.8,35.9,51.6,51.4,50.4,51.4,51.5,48.4
11:52:37,188.23,37.64,-0.29,46.91,-362.84,30.45,34.81,43.66,34.9,35,35.2,35,35,36.2,51.1,50.9,49.9,51,51.2,47.8
11:52:47,192.51,38.02,0.03,47.39,-352.21,32.67,38.2,44.08,35,35.1,35.4,35.2,35.1,36.3,50.6,50.4,49.3,50.5,50.6,47.3
11:52:57,195.42,36.91,0.39,46.07,-289.34,33.33,40.47,42.8,35,35,35.4,35.1,35.1,36.4,50.5,50.3,49,50.4,50.3,46.9
11:53:07,196.96,37.45,-0.36,46.66,-330.08,34.29,43.32,43.71,34.9,34.8,35.3,35,35.1,36.3,50.8,50.8,49.2,50.8,50.5,47.2
11:53:17,200.55,38.51,-0.3,48.34,-360.17,36.03,41.38,44.6,34.8,34.6,35.2,35,35.1,36.3,50.7,50.9,49.1,50.7,50.3,46.9
11:53:27,198.34,38.02,-0.19,47.61,-330.06,34.69,42.78,44.28,34.7,34.5,35.2,34.9,35,36.3,50.8,51.2,49.2,50.7,50.3,46.8
11:53:37,202.71,35.44,2.94,44.78,-132.16,33.39,41.16,41.46,34.8,34.6,35.2,35,35.1,36.4,50.9,51.4,49.4,50.9,50.4,46.8
11:53:47,206.57,36.67,-1.15,46.69,-14.78,37.33,42.27,42.38,34.8,34.6,35.3,35,35.1,36.4,50.7,51.2,49.1,50.7,50.3,46.7
11:53:57,206.2,35.17,0.19,44.63,-13.4,37.79,41.03,41.68,34.7,34.5,35.2,34.9,35,36.2,50.9,51.4,49.1,50.9,50.4,47
11:54:07,208.59,36.39,0.5,45.94,-23.47,39.29,40.87,42.65,34.6,34.3,35.2,34.7,35,36,51.3,51.8,49.4,51.2,50.7,47.4
11:54:17,202.69,39.2,-2.19,48.83,-5.38,41.43,36.4,45.44,34.6,34.3,35.2,34.7,34.9,36,51.5,52.1,49.6,51.5,50.9,47.6
11:54:27,200.12,37.18,-1.5,46.46,-306.81,39.09,39.28,42.32,34.4,34.2,34.7,34.4,34.6,35.6,51.8,52.2,49.9,51.8,51.3,48.1
11:54:37,195.76,38.14,-2.32,47.28,-291.62,36.83,36.21,43.66,34,33.8,34.4,34,34.2,35.1,52.9,53.5,51.6,53.2,52.7,49.7
11:54:47,192.42,35.54,1.78,44.67,-371.48,32.03,35.71,41.51,34.1,34,34.6,34.1,34.3,35.1,52.9,53.2,51.3,53.1,52.7,49.9
11:54:57,191.47,37.94,0.68,46.88,-337.52,34.93,37.17,44.34,34.3,34.3,34.8,34.4,34.5,35.3,52.4,52.7,50.8,52.7,52.3,49.7
11:55:07,193.44,37.04,2.56,46.51,-379.53,32.42,37.76,42.92,34.4,34.4,35,34.6,34.6,35.5,52,52.1,50.2,52.1,51.9,49.2
11:55:17,195.15,38.87,4.75,48.14,-337.55,34.23,43.02,44.38,34.6,34.5,35.1,34.7,34.7,35.6,51.7,51.8,49.9,51.8,51.7,48.8
11:55:27,196.75,36.32,3.41,45.75,-309.72,32.17,39.51,42.34,34.7,34.7,35.2,34.9,34.9,35.8,51.3,51.5,49.5,51.3,51.3,48.4
11:55:37,200.63,36.21,3.49,45.59,-308.57,32.66,43.18,42.56,34.6,34.7,35.3,35,35,36,51.1,51.1,49.1,50.8,50.9,47.7
11:55:47,203.47,35.99,3.63,45.36,-340.74,33.09,44.23,41.96,34.6,34.7,35.3,35,35,36.1,51.5,51.2,49.2,50.8,50.9,47.6
11:55:57,204.57,36.13,5.91,45.78,-326.18,32.54,43.55,41.98,34.5,34.6,35.3,35.1,35,36.1,51.8,51.4,49.4,50.9,50.8,47.6
11:56:07,205.36,37.35,4.3,47.3,-381.97,32.55,45.98,43.17,34.7,34.7,35.4,35.2,35.1,36.3,51.4,51.2,49.3,50.6,50.6,47.1
11:56:17,210.32,37.78,1.01,47.99,-368.23,32.91,47.09,43.85,34.8,34.8,35.4,35.3,35.2,36.5,50.9,50.8,48.9,50.1,50.1,46.7
11:56:27,210,35.94,4.14,45.77,-414.6,30.26,46.17,41.91,35,34.9,35.5,35.4,35.3,36.6,50.6,50.6,48.8,49.8,49.9,46.4
11:56:37,212.79,37.38,5.42,47.11,-439.18,30.45,46.95,43.38,35.1,35,35.6,35.5,35.4,36.7,50.3,50.4,48.6,49.6,49.8,46.2
11:56:47,214.25,36.24,-10.67,46.21,-347.06,28.3,49.3,42.34,35.2,35.1,35.7,35.6,35.4,36.9,50.1,50.2,48.5,49.5,49.7,45.9
11:56:57,216.76,37.3,-10.72,48.3,-348.1,29.29,49.04,43.76,35.3,35.3,35.7,35.7,35.4,36.8,49.8,50,48.3,49.3,49.5,45.7
11:57:07,219.2,38.56,2.55,49.55,-238.4,30.8,48.3,44.86,33.8,33.6,34.1,34.1,34.2,35.3,51.9,52,50.7,51.4,51.2,47.7
11:57:17,220.22,37.19,-2.36,47.4,-61.35,34.12,49.65,43.14,33.5,33.3,33.8,33.8,33.9,35,53.6,54,52.5,53.1,52.8,49.4
11:57:28,222.61,36.87,3.98,46.96,-56.07,35.45,47.43,43.69,33.3,33.3,33.8,33.4,33.8,34.7,53.9,54.2,52.7,53.9,53.1,50
11:57:38,217.24,40.59,4.58,49.95,-44.24,40.49,43.02,46.8,33.3,33.4,33.8,33.5,33.9,34.8,54.4,54.2,52.6,54.4,53.2,50.4
11:57:48,215.74,37.99,3.46,47.66,-332.08,37.55,45.88,44.22,33.3,33.2,33.7,33.5,33.9,34.7,54.1,54.1,52.7,54.1,53,50.2
11:57:58,214.93,36.09,3.46,46.23,-373.84,33.64,44.39,42.27,33.4,33.3,33.9,33.5,33.9,34.8,54.3,54.4,52.6,54.1,53.1,50.3
11:58:08,211.73,37.91,3.63,47.89,-371.36,33.5,44.98,44.3,33.6,33.6,34.1,33.8,34.1,35,53.8,53.7,51.9,53.5,52.6,50
11:58:18,212.26,38.31,6.49,47.94,-437.16,31.77,43.89,44.38,33.6,33.7,34.1,33.6,33.9,34.5,53.6,53.5,51.7,53.6,52.7,50.4
11:58:28,213.11,36.53,2.78,46.31,-458.44,28.61,49.02,42.98,33.9,33.9,34.2,33.7,34,34.8,53.1,53,51.7,53.8,53,50.6
11:58:38,215.76,37.83,2.59,47.62,-92.35,31.55,46.54,44.11,34.3,34.2,34.5,34.1,34.3,35.2,52.4,52.5,51.3,53.3,52.6,50
11:58:48,214.92,40.76,6.17,51.12,-80.85,37.41,46.65,46.68,34.4,34.4,34.7,34.2,34.4,35.3,51.9,51.9,50.6,52.6,52,49.2
11:58:58,219.76,37.91,3.09,48.25,-57.28,35.46,46.08,44.11,34.2,34.1,34.4,34,34.1,34.9,52.2,52.1,50.9,52.8,52.4,49.8
11:59:08,219.19,38.06,6.45,47.51,-18.62,37.94,44.24,43.82,34.2,34.2,34.5,34.1,34.3,35.2,52.2,52.3,51.2,52.9,52.5,49.7
11:59:18,216.2,37.95,8.57,47.7,11.53,40.27,42.21,44.2,34.1,34,34.3,33.9,34.1,34.9,52.4,52.4,50.9,52.8,52.2,49.5
11:59:28,213.16,38.5,8.69,47.86,62,43.74,40.85,45.33,34,34,34.4,34,34.3,35,52.9,52.9,51.4,53.4,52.6,50.1
11:59:38,209.42,37.1,11.19,46.14,54.37,42.66,39.83,43.37,33.9,33.9,34.4,33.9,34.2,34.9,52.2,52.2,50.4,52.4,51.8,49.3
11:59:48,203.79,38.24,7.05,47.62,15.74,43.39,35.03,44.98,33.8,33.9,34.4,33.9,34.2,34.9,52.1,52.1,50.1,52.4,51.4,49.2
11:59:58,196.57,37.83,9.7,46.87,39.81,43.39,34.39,44.43,33.9,33.9,34.5,33.9,34.3,34.9,52.4,52.4,50.3,52.7,51.6,49.4
12:00:08,192.93,40.28,10.24,49.5,48.25,45.86,33.92,46.54,33.9,34,34.6,34,34.3,34.9,52.2,52.1,50.1,52.5,51.5,49.4
12:00:18,187.64,39.82,7.89,48.25,7.18,45.26,31.51,46.29,33.9,34,34.6,34,34.3,34.9,52,51.9,49.9,52.2,51.2,49.3
12:00:28,184.74,39.01,9.36,47.56,17.08,44.48,30.26,44.77,33.9,34,34.6,34,34.4,34.9,52.2,52,49.9,52.4,51.3,49.4
12:00:38,180.66,38.1,8.2,46.55,-1.45,42.78,28.92,44.14,34,34,34.6,34,34.4,34.9,52.1,52.1,50,52.4,51.3,49.4
12:00:48,176.26,38.82,8.14,47.12,-0.65,42.96,27.81,44.64,34.1,34.1,34.7,34.1,34.5,35,52.1,51.9,50,52.4,51.3,49.3
12:00:58,172.76,39.04,3.12,47.39,5.3,43.04,25.7,44.7,34.1,34.1,34.7,34.1,34.5,35.1,51.8,51.7,49.9,52.2,51.1,49.1
12:01:08,168.27,40.19,-1.54,48.41,15.32,44.67,25.17,45.77,34.2,34.2,34.7,34.1,34.5,34.9,51.7,51.6,49.9,52.2,51.1,49.3
12:01:18,166.26,39.64,7.79,47.86,14.72,43.88,23.57,45.59,33.9,34,34.5,33.5,34.2,34.1,51.8,51.6,49.9,52.7,51,50.2
12:01:28,162.56,39.08,5.93,47.21,-3.78,43.56,21.59,44.58,33.7,33.9,34.4,33.3,34,33.6,52.5,51.9,50.2,53.7,51.6,51.9
12:01:38,162.82,38.57,6.89,46.22,-10.49,42.43,19.52,43.66,33.7,34,34.4,33.5,34.1,33.7,52.3,51.7,50,53.4,51.5,52
12:01:48,157.26,39.59,9.95,47.28,-5.44,43.67,19.24,44.75,33.8,34.1,34.5,33.5,34.2,33.8,52.4,51.7,49.9,53.4,51.5,51.9
12:01:58,156.72,39.98,3.69,47.6,4.25,44.35,18.16,45.1,33.8,34.1,34.5,33.5,34.2,33.8,52.3,51.6,49.9,53.5,51.5,52
12:02:08,154.44,38.94,9.77,46.72,-32.33,42.7,18.39,44.16,33.8,34.1,34.5,33.5,34.3,33.9,52.4,51.8,50.1,53.5,51.4,51.8
12:02:18,150.49,39.43,7.03,46.61,-109.36,41.64,15.25,44.6,33.9,34.1,34.6,33.6,34.3,33.9,52.4,51.7,50.1,53.5,51.5,51.9
12:02:28,147.97,40.97,9.05,48.42,-344.68,40.7,16.66,45.78,33.9,34.1,34.6,33.6,34.2,33.9,52.2,51.6,49.9,53.2,51.5,51.8
12:02:38,146.65,42.15,11.11,49.82,-402.08,39.45,17.62,46.87,34,34.2,34.6,33.6,34.2,33.7,52.3,51.6,50,53.6,51.8,52.5
12:02:48,145.87,40.58,2.19,48.14,-405.42,35.4,20.12,45.49,34.2,34.4,34.8,33.8,34.4,34.1,51.7,51,49.5,53,51.4,51.8
12:02:58,149.92,38.24,9.05,46.04,-464.39,30.45,22.73,43.18,34.4,34.5,34.9,34,34.5,34.3,51.3,50.8,49.3,52.6,51,51.1
12:03:08,152.8,39,7.83,46.77,-466.07,30.09,24.56,43.87,34.3,34.5,34.8,33.9,34.5,34.4,51.3,50.8,49.4,52.7,51.1,50.9
12:03:18,157.81,38.72,8.99,46.97,-458.17,29.21,27.03,43.61,34.4,34.5,34.7,33.9,34.5,34.6,51.1,50.8,49.6,52.6,51.2,50.7
12:03:28,161.63,40.78,1.29,49.14,-425.35,32.63,29.47,45.81,34.6,34.7,35,nan,34.6,34.9,50.8,50.5,49.4,nan,51,50
12:03:38,165.75,38.03,11,46.21,-470.02,28.06,31.57,42.99,34.5,34.6,35,34,34.7,34.9,50.7,50.2,49,52.2,50.6,49.4
12:03:48,170.46,42.06,8.39,50.51,-486.8,30.9,32.07,46.92,34,34.1,34.5,33.7,34.4,34.6,51.7,51.4,49.8,53,51,50
12:03:58,172.77,40.08,12.16,48.74,-517.84,28.3,31.72,45.11,34.2,34.1,34.5,33.7,34.3,34.6,51.9,51.9,50.4,53.2,51.5,50.2
12:04:08,179.21,38.55,12.79,46.97,-451.25,28.33,33.94,44.01,34.4,34.4,34.8,34,34.6,34.9,51.4,51.5,50.1,52.9,51.3,50.1
12:04:18,182.43,40.12,10.99,48.73,-249.86,31.77,34.35,45.79,34.7,34.7,35,34.3,34.8,35.3,50.8,50.8,49.5,52.3,50.8,49.3
12:04:28,189.92,38.63,11.51,47.26,-189.3,32.55,32.45,43.74,34.9,34.9,35.2,34.6,34.9,35.5,50.3,50.3,48.9,51.6,50.4,48.5
12:04:38,189.87,41.13,12.47,49.65,-104.45,39.27,35.7,47.24,35,35,35.4,34.7,35,35.7,49.9,49.9,48.4,51,49.9,48
12:04:48,191.42,38.61,13.55,47.1,-278.13,37.67,35.38,44.49,34.8,34.9,35.4,34.7,35.1,35.6,50.1,49.8,48.2,50.8,49.7,47.7
12:04:58,190.17,41.33,11.34,50.24,-154.15,39.5,32.64,47.27,34.8,34.9,35.5,34.7,35.1,35.6,50.2,49.8,48,50.6,49.6,47.7
12:05:08,188.12,39.16,8.22,47.74,-297.51,36.17,33.92,44.46,34.9,35,35.5,34.8,35.2,35.8,50,49.8,47.9,50.7,49.4,47.6
12:05:18,191.58,37.84,10.43,46.51,-20.56,38.46,33.61,43.86,34.9,35,35.6,34.7,35.3,35.8,49.9,49.8,48,50.6,49.2,47.4
12:05:28,189.05,42.11,14.21,50.63,-139.19,42.95,31.87,48.29,34.9,34.9,35.6,34.7,35.3,35.6,49.7,49.5,47.5,50.3,49,47.4
12:05:38,187.66,39.05,12.96,47.94,-314.31,38.92,32.05,45.1,34.9,34.9,35.5,34.7,35.2,35.7,50,49.7,47.7,50.6,49.1,47.7
12:05:48,182.88,40.19,12.99,49.12,-293.59,38.45,32.71,46.09,34.9,35,35.6,34.8,35.3,35.8,49.9,49.8,47.8,50.7,49.2,47.6
12:05:58,185.8,40,11.68,48.71,-338.09,38.09,34.39,45.88,35,35,35.7,34.8,35.3,35.9,49.5,49.4,47.3,50.2,48.8,47.1
12:06:08,187.14,38.58,9.19,47.26,-180,36.81,33.75,44.72,34.9,34.8,35.6,34.9,35.3,35.9,49.6,49.5,47.3,49.9,48.8,46.9
12:06:18,186.6,40.64,13.34,49.54,-290.2,39.52,35.59,46.67,34.8,34.7,35.5,34.9,35.3,35.9,49.6,49.7,47.3,49.7,48.7,46.7
12:06:28,190.85,39.52,11,48.58,-130.26,38.79,35.22,45.62,34.6,34.6,35.5,34.9,35.2,35.8,50,50,47.4,49.7,48.9,46.9
12:06:38,190.98,38.26,9.91,47.13,-166.39,38.26,35.31,44.18,34.6,34.6,35.5,35,35.2,35.9,50,50,47.3,49.5,48.8,46.7
12:06:48,190.67,39.17,7.44,48.16,-104.79,39.2,35.89,45.01,34.5,34.5,35.4,34.9,35.1,35.9,50.3,50.2,47.5,49.6,48.9,46.7
12:06:58,192.96,38.81,4.32,47.81,-124.29,40.26,35.34,44.91,34.6,34.5,35.3,35,35.1,35.8,49.8,49.9,47.3,49.1,48.5,46.3
12:07:08,191.61,40.75,12.42,49.85,-332.2,40.08,33.83,46.66,34.5,34.5,35.2,35,35,35.6,50,50.1,47.6,49.2,48.8,46.9
12:07:18,191.85,38.56,12.44,47.37,-344.75,36.88,34.68,44.6,34.6,34.5,35.3,35,35.1,35.6,50,50.2,47.8,49.3,48.9,47.2
12:07:28,189.07,37.72,8.18,46.65,-413.87,33.54,34.82,43.4,34.6,34.6,35.4,35.1,35.1,35.6,50.1,50,47.7,49.2,48.9,47.2
12:07:38,189.63,38.69,10.72,47.77,-353.83,33.07,36.81,44.49,34.8,34.7,35.4,35.1,35.2,35.8,49.7,49.8,47.4,49.1,48.8,46.9
12:07:48,194.52,40.21,13.51,49.36,-414.19,33.69,37.77,45.68,34.9,34.9,35.6,35.2,35.3,36,49.3,49.2,47,48.8,48.5,46.4
12:07:58,197.11,38.76,12.91,47.8,-378.47,32.62,39.75,44.55,35,35,35.7,35.3,35.4,36.2,49.1,49,46.8,48.7,48.4,46
12:08:08,197.77,39.76,12.64,48.73,-409.35,33.09,40.57,45.56,35.2,35.2,35.8,35.4,35.5,36.3,48.6,48.6,46.5,48.2,48,45.6
12:08:18,200.65,37.54,14.02,46.43,-447.38,30.28,42.37,43.1,35.2,35.3,35.9,35.5,35.5,36.4,48.5,48.3,46.2,48.1,47.9,45.4
12:08:28,200.99,38.95,13.53,48.5,-408.91,31.89,41.67,45.18,35.3,35.4,36,35.6,35.6,36.5,48.4,48.3,46.3,48.2,47.9,45.3
12:08:38,205.88,37.41,13.45,47.19,-373.44,31.52,44.65,43.87,35.4,35.4,36,35.8,35.7,36.7,48.3,48.3,46.3,48,47.9,45.1
12:08:48,205.51,38.99,4.83,48.59,-387.86,33,45.57,45.44,35.5,35.5,36,35.9,35.8,36.8,48.1,48.3,46.3,47.7,47.6,44.8
12:08:58,210.1,38.4,14.33,47.96,-355.7,33.2,44.98,44.75,35.5,35.5,36,35.8,35.7,36.5,48,48.2,46.3,47.5,47.6,44.9
12:09:08,213.11,38.68,12.38,48.32,-395.5,32.59,47.36,44.9,35.6,35.5,36,35.6,35.7,36.4,47.8,48,46.2,47.9,47.6,45.4
12:09:18,215.49,37.85,13.45,47.7,-357.3,33.21,47.55,44.25,35.5,35.5,35.9,35.5,35.6,36.1,47.7,47.9,46.2,48,47.6,45.7
12:09:28,217.23,41.75,11.17,51.7,-369.8,35.99,47.58,47.87,35.7,35.5,36,35.6,35.7,36.3,47.6,47.9,46.2,48.1,47.6,45.8
12:09:38,217.84,38.83,12.52,48.67,-388.01,32.27,48.62,44.9,35.7,35.6,36,35.6,35.7,36.4,47.7,48,46.3,48.3,47.6,45.7
12:09:48,220.8,38.52,14.77,48.3,-383.28,33.57,50.82,44.54,35.7,35.6,36.1,35.6,35.8,36.5,48,48.2,46.5,48.6,47.8,46.1
12:09:58,221.07,41.41,7.8,51.54,-385.41,36.01,49.94,47.79,35.7,35.8,36.2,35.7,35.9,36.5,48,48,46.3,48.4,47.7,45.8
12:10:08,224.39,39.61,11.23,49.98,-399.92,32.48,51.02,45.86,35.5,35.6,36,35.6,35.8,36.2,48,47.8,46.3,48.1,47.5,45.7
12:10:18,225.95,39.2,12.79,49.2,-433.91,31.65,51.35,45.44,35.1,35.3,35.8,35.3,35.5,36,48.9,48.4,46.7,48.7,48,46.4
12:10:28,229.8,37.56,15.24,47.64,-405.84,30.46,53.23,44.16,35.1,35.4,35.9,35.3,35.5,35.9,49.1,48.5,46.6,48.8,48.1,46.5
12:10:38,234,38.12,13.73,48.15,-281.78,34.95,53.73,44.8,35.3,35.6,36.1,35.6,35.7,36.3,48.9,48.3,46.5,48.8,48,46.4
12:10:48,231.25,41.5,16.23,51.58,-343.37,37.73,53.42,48.15,35.3,35.4,36,35.7,35.6,36.3,48.1,47.5,45.6,47.5,47.3,45.3
12:10:58,235,38.47,16.11,48.7,-304.19,34.88,53.88,45.3,35.3,35.3,36,35.7,35.7,36.5,48.1,47.9,45.8,47.4,47.3,45.1
12:11:08,234.46,40.09,17.05,50.37,-336.51,36.99,53.7,47.11,35.4,35.4,36.1,35.8,35.7,36.6,47.9,47.9,45.8,47.4,47.3,44.9
12:11:18,235.01,39.9,13.46,50.3,-381.07,36.27,54.93,46.86,35.4,35.3,36,35.9,35.7,36.7,47.9,47.9,45.7,47.1,47.3,44.7
12:11:28,237.17,38.52,15.96,49.24,-390.36,34.66,56.85,45.4,35.4,35.3,36,35.8,35.7,36.8,48.1,48.2,46,47.3,47.4,44.6
12:11:38,237.55,38.64,17.08,49.14,-395.04,33.6,57.99,45.23,35.5,35.4,36,35.8,35.7,36.9,47.9,48.1,45.9,47.3,47.5,44.4
12:11:48,242.07,37.63,16.2,48.29,-279.49,36.14,58.4,44.54,35.3,35.3,35.9,35.5,35.5,36.4,48.1,48.2,46.2,47.7,47.7,44.9
12:11:58,240.71,39.8,15.57,50.6,-369.37,37.22,57.36,46.73,35.2,35.3,35.8,35.4,35.5,36.4,48.3,48.2,46.2,48.1,47.9,45.3
12:12:08,243.13,37.65,19.27,48.33,-421.16,32.82,56.08,44.66,35.2,35.2,35.8,35.5,35.5,36.3,48.4,48.3,46.3,48.1,47.8,45.3
12:12:18,243.54,40.8,17.52,51.44,-293.71,38.16,55.97,47.63,35.3,35.3,35.9,35.6,35.6,36.5,48.3,48.4,46.4,48,47.9,45.4
12:12:28,244.35,41.06,18.04,52.1,-345.8,40.07,57.1,47.98,35.3,35.1,35.7,35.6,35.5,36.5,48.3,48.4,46.5,47.8,47.9,45.1
12:12:38,246.68,37.3,16.66,48.22,-360.58,35.95,58.46,44.35,35.1,34.9,35.6,35.5,35.4,36.4,48.5,48.8,46.7,47.9,48,45.2
12:12:48,248.03,37.82,8.25,48.38,-354.08,35.06,59.37,44.84,35.2,34.9,35.6,35.6,35.4,36.5,48.7,49.2,46.9,48,48.1,45.3
12:12:58,246.62,39.84,16.5,50.87,-360.09,36.48,56.57,46.96,35.3,34.9,35.6,35.7,35.4,36.5,48.3,48.9,46.8,47.6,47.9,45
12:13:08,247.34,38.48,16.93,49.36,-398.34,35.12,59.64,45.47,35.3,35,35.6,35.8,35.5,36.5,48.2,48.9,46.9,47.6,48,45.2
12:13:18,250.22,37.21,19.23,48.24,-342.69,34.33,60.9,44.29,35.4,35.1,35.6,35.9,35.5,36.5,48.1,48.8,46.7,47.2,47.8,45
12:13:28,249.38,39.27,20.42,50.26,-349.88,36.91,60.4,46.89,35.4,35.1,35.7,35.9,35.5,36.6,48,48.6,46.6,47.1,47.7,44.8
12:13:38,251.91,36.84,16.18,47.92,-408.09,32.73,59.6,44.04,35.4,35.1,35.7,35.9,35.5,36.6,48,48.6,46.6,46.9,47.6,44.6
12:13:48,253.3,39.33,15.36,50.33,-302.33,35.68,62.87,46.5,35.4,35.1,35.7,36,35.5,36.7,48,48.6,46.7,46.9,47.7,44.6
12:13:58,251.1,38.01,17.36,49.1,-313.13,34.88,62.87,45.29,35.5,35.2,35.7,36.1,35.5,36.8,47.6,48.3,46.4,46.7,47.6,44.3
12:14:08,253.82,39.67,16.54,50.86,-380.74,36.09,61.09,46.76,35.4,35.2,35.6,36.1,35.5,36.7,47.6,48.3,46.6,46.6,47.6,44.4
12:14:18,255.95,38.17,17,49.31,-414.25,32.85,63.33,45.55,35.5,35.2,35.7,36.2,35.6,36.9,47.5,48.2,46.5,46.4,47.4,44.1
12:14:28,257.46,38.08,18.45,48.95,-357.33,33.67,63.8,45.59,35.6,35.4,35.8,36.3,35.7,37,47.5,48,46.3,46.2,47.3,43.9
12:14:38,259.37,39.55,18.78,50.75,-427.58,34.43,64.41,46.79,35.7,35.5,35.8,36.4,35.7,37.1,47.3,47.9,46.4,46.1,47.3,43.7
12:14:48,258.85,40.03,14.02,51.15,-407.26,33.97,65.06,47.34,35.5,35.4,35.8,36.3,35.7,37.1,47.5,48,46.4,46.2,47.3,43.7
12:14:58,259.57,39.76,12.03,51.23,-397.39,33.35,65.07,46.64,35.4,35.4,35.8,35.9,35.6,36.6,47.7,47.9,46.2,46.7,47.4,44.3
12:15:08,261.79,38.15,18.08,49.64,-348.74,32.03,64.95,45.25,35.2,35.3,35.7,35.5,35.4,36,48.2,48.1,46.6,47.6,47.9,45.4
12:15:18,263.25,39.64,17.8,51.2,-416.45,32.14,65.31,46.49,35.4,35.4,35.8,35.6,35.5,36.2,48.3,48.1,46.6,48,48,46
12:15:28,265.19,38.84,20.63,50.44,-398.46,31.79,66.54,45.67,35.2,35.3,35.5,35.4,35.4,36.3,48,47.8,46.4,47.6,47.6,45.3
12:15:38,267.19,38.12,17.62,49.64,-451.81,31,68.39,45.18,35.1,35.3,35.6,35.6,35.4,36.3,48.3,48,46.7,47.6,47.9,45.1
12:15:48,265.8,40.96,11.11,52.68,-434.6,31.89,67.85,47.69,35.3,35.4,35.7,35.9,35.5,36.4,48.3,47.9,46.5,47.3,47.9,45.2
12:15:58,268.76,40.83,15.32,52.43,-444.01,32.34,67.84,47.74,35.2,35.3,35.6,36,35.5,36.4,48.2,48,46.6,46.8,47.7,45.1
12:16:08,271.35,39.48,20.93,51.04,-223.83,33.41,70.32,47.01,35.2,35.2,35.6,35.9,35.4,36.2,48.3,48.2,46.8,46.9,48,45.4
12:16:18,274.47,39.58,21.17,50.8,-281.72,36.1,68.08,46.41,35.3,35.4,35.8,36.1,35.5,36.3,48.3,48.1,46.6,46.7,48.1,45.6
12:16:28,274.47,38.76,20.34,50.06,-364.79,34.46,68.6,45.96,35.4,35.5,35.9,36.2,35.6,36.5,48.3,48,46.5,46.7,48,45.3
12:16:38,269.94,39.73,21.96,51.06,-191.59,35.35,67.57,47.62,35.7,35.7,36.1,36.4,35.8,36.8,47.6,47.4,45.9,46.3,47.3,44.6
12:16:48,270.25,39.98,22.48,51.14,-114.25,37.6,66.6,47.5,35.9,36,36.3,36.6,35.9,37,47,46.8,45.4,45.7,46.9,43.9
12:16:58,270.68,41.05,20.02,51.97,-65.67,39.81,64.99,48.43,36,36,36.4,36.7,36,37,46.7,46.6,45.2,45.4,46.7,43.9
12:17:08,267.73,40.39,19.16,51.47,-92.17,40.52,63.27,47.61,35.9,36,36.4,36.6,36,37.1,46.7,46.4,45,45.4,46.5,43.7
12:17:18,266.05,38.9,12.29,50.16,-238.79,37.22,64.16,45.82,35.3,35.3,35.5,35.9,35.3,36.1,47.4,47.5,46.2,46.3,47.5,45.1
12:17:28,262.17,40.58,16.2,51.4,-144.42,39.29,60.71,47.37,34.4,34.4,34.7,34.9,34.8,35.5,49,49,47.9,48.1,48.6,46.4
12:17:38,258.51,40.54,13.69,51.34,-135.67,39.15,59.07,47.24,34.4,34.2,34.5,34.7,34.6,35.3,50.2,50.5,49.3,49.6,49.6,47.5
12:17:48,256.48,39.78,7.04,50.94,-24.97,40.21,58.31,46.38,34.2,33.9,34.2,34.4,34.4,35,50.4,50.8,49.7,50,50,48
12:17:58,253.26,41.03,18.44,52.02,-42.93,42.47,55.66,47.99,33.8,33.8,34,34.1,34.1,34.7,51.1,51.4,50.3,50.6,50.6,48.6
12:18:08,249.31,40.12,11.45,50.92,-16.64,42.17,54.08,46.92,33.5,33.6,33.8,33.9,34,34.6,52.2,52.2,51,51.6,51.2,49.1
12:18:18,245.18,40.9,-4.43,51.64,25.03,44.02,52.73,47.54,33.5,33.6,33.8,33.8,34,34.7,52.4,52.3,51,52,51.3,49.3
12:18:28,239.61,41.92,-1.09,52.29,-144.87,44.92,50.9,48.64,33.4,33.3,33.5,33.5,33.7,34.1,52.8,52.8,51.7,52.7,51.8,50.1
12:18:38,236.11,41.68,4.06,51.88,-306.65,42.26,49.83,47.76,32.9,32.8,33,32.9,33.2,33.4,54,54,53,54.2,53.2,52.1
12:18:48,228.91,42.29,20.35,52.42,-266.22,42.05,47.18,48.47,32.9,32.9,33.2,32.9,33.2,33.4,54.4,54.6,53.5,54.8,53.8,52.8
12:18:58,227.62,40.36,20.19,50.29,-51.83,40.79,44.9,46.84,33.3,33.2,33.5,33.2,33.4,33.6,53.9,54.1,53,54.5,53.7,52.7
12:19:08,228.41,40.57,20.42,50.54,-65.02,42.14,44.84,47.38,33.6,33.5,33.8,33.5,33.7,33.9,53.3,53.4,52.3,53.9,53.2,52.1
12:19:18,226.12,40.91,11.63,50.56,-26.66,43.74,43.67,47.44,33.7,33.7,34,33.5,33.8,34.1,52.8,52.9,51.7,53.4,52.8,51.5
12:19:28,224.8,40.16,20.38,49.93,-144.74,41.9,42.5,46.67,33.9,33.9,34.2,33.8,34,34.3,52.3,52.3,51.1,52.9,52.2,50.9
12:19:38,219.94,39.39,22.35,48.64,-98.37,40.47,41.06,45.82,34,34,34.3,33.7,34,34,51.7,51.7,50.6,52.5,51.8,51
12:19:48,215.78,40.55,17.6,50.29,-50.18,42.05,39,47.11,34.2,34.2,34.5,34,34.2,34.2,51.3,51.2,50,52.1,51.5,50.8
12:19:58,214.82,40.82,24.08,50.42,-59.47,42.64,37.3,47.2,34.3,34.3,34.6,34.1,34.2,34.3,51.1,51,49.7,51.8,51.3,50.5
12:20:08,213.48,39.71,23.04,49.13,-25.99,42.08,37.35,46.03,34.2,34.2,34.5,34,34.2,34.3,50.8,50.8,49.7,51.7,51.1,50.4
12:20:18,210.44,40.65,13.03,49.86,-5.98,43.99,37.26,46.94,34.2,34.3,34.6,34.1,34.3,34.4,50.8,50.8,49.4,51.6,50.9,50.1
12:20:28,205.43,41.21,18.51,50.33,-9.44,44.83,34.38,47.54,33.8,34,34.3,33.6,34.1,33.8,51.3,51,49.8,52.1,51.1,50.7
12:20:38,203.47,40.76,23.8,50.08,5.87,44.5,32.95,47.29,34,34.1,34.4,33.8,34.2,34,51.7,51.4,50,52.3,51.3,51.5
12:20:48,200.16,40.82,23.18,49.59,-18.37,44.6,32.53,46.99,34.1,34.2,34.6,34,34.3,34.2,51.4,51.1,49.7,51.9,51.1,51
12:20:58,196.24,43.89,26.1,52.61,7.43,48.45,29.32,50.41,34.2,34.3,34.7,34.2,34.4,34.3,51,50.7,49.3,51.4,50.7,50.3
12:21:08,191.04,42.74,18.45,51.26,-0.8,47.1,29.84,48.9,34.2,34.4,34.7,34.3,34.5,34.5,50.9,50.6,49.2,51.2,50.6,50
12:21:18,189.21,39.84,23.96,48.34,6.28,44.3,27.84,45.87,34.3,34.4,34.7,34.4,34.5,34.6,51,50.7,49.2,51,50.6,49.9
12:21:28,186.94,40.74,24.29,49.17,-58.7,45.78,26.22,46.92,34.3,34.4,34.8,34.4,34.5,34.5,50.7,50.5,49.1,50.8,50.5,49.8
12:21:38,181.87,42.33,21.55,50.84,-258.12,44.45,25.68,48.07,34.3,34.3,34.7,34.4,34.5,34.6,50.5,50.3,48.8,50.6,50.1,49.4
12:21:48,178.88,41.13,22.47,49.48,-59.26,42.86,24.71,46.76,34.4,34.4,34.8,34.5,34.6,34.8,50.3,50.3,48.8,50.5,50,49
12:21:58,176.8,42.12,24.67,50.44,-57.4,44.18,23.75,47.83,34.5,34.5,34.9,34.6,34.7,34.9,50.5,50.4,49,50.7,50.2,49.1
12:22:08,178.36,39.88,23.84,47.62,-92.38,42.32,24.12,45.36,34.6,34.6,35,34.6,34.8,35.1,50.3,50.1,48.8,50.4,50,48.8
12:22:18,174.52,41.1,15.97,49.28,-72.16,42.23,23.8,46.78,34.6,34.7,35,34.7,34.8,35.1,50.1,49.8,48.5,50.1,49.7,48.4
12:22:28,173.5,39.98,22.84,48.26,-32.29,41.85,22.73,45.6,34.7,34.7,35.1,34.8,34.9,35.2,49.9,49.8,48.5,50,49.6,48.3
12:22:38,175.49,40.38,23.8,48.31,-41.57,42.41,23.61,46.14,34.8,34.8,35.1,34.8,34.9,35.2,49.7,49.7,48.3,49.9,49.5,48.3
12:22:49,171.58,40.56,21.75,48.69,-19.68,42.57,20.8,45.88,34.8,34.8,35.1,34.9,35,35.3,49.7,49.7,48.3,49.9,49.5,48.2
12:22:59,168.23,40.9,24.02,48.9,-37.59,42.75,19.69,46.48,34.8,34.8,35.1,34.8,34.9,35.3,49.7,49.7,48.3,49.8,49.4,48
12:23:09,167.4,39.98,22.64,47.98,-14.43,42.6,19.05,45.48,34.8,34.9,35.1,34.8,34.9,35.2,49.7,49.5,48.3,49.9,49.5,48.3
12:23:19,164.16,41.45,25.58,49.4,17.98,45.36,16.84,47.09,34.8,34.9,35.1,34.8,35,35.1,49.6,49.3,48.1,49.8,49.4,48.3
12:23:29,161,41.56,20.58,49.35,12.82,46.04,17.76,47.31,34.8,34.9,35.2,34.8,35,35.1,49.4,49,47.8,49.6,49,48.1
12:23:39,159.4,41.12,23.61,48.92,0.66,45.69,15.2,46.76,34.6,34.7,35,34.7,34.9,35,49.3,49.1,47.7,49.3,48.7,47.8
12:23:49,156.24,40.12,21.09,47.79,-8.81,44.83,14.86,45.55,34.5,34.4,34.9,34.6,34.8,35,49.7,49.6,48,49.6,48.9,48.1
12:23:59,153.65,41.61,23.11,49.13,3.76,46.18,13.03,47.04,34.4,34.4,34.9,34.6,34.8,35,50,50.1,48.4,50,49.2,48.4
12:24:09,149.03,41.53,22.62,48.95,-22.07,45.43,12.19,46.88,34.5,34.4,34.8,34.6,34.9,35.1,50,50.1,48.3,49.9,49.1,48.1
12:24:19,147.53,39.54,23.07,46.84,-45.09,42.7,12.13,44.7,34.5,34.4,34.8,34.6,34.9,35.1,49.7,49.9,48.2,49.7,48.9,47.8
12:24:29,146.18,40.91,22.07,48.25,-46.18,42.78,10.41,45.7,34.5,34.4,34.9,34.7,34.9,35.2,49.7,49.9,48.3,49.7,48.9,47.7
12:24:39,139.42,43.32,21.45,50.63,-30.63,45.76,10.31,48.48,34.6,34.6,35,34.8,35,35.3,49.7,49.8,48.3,49.7,49,47.6
12:24:49,140.07,42.24,21.43,49.61,-52.1,44.38,10.36,47.26,34.7,34.6,34.9,34.7,35,35.3,49.4,49.6,48.2,49.5,48.8,47.5
12:24:59,139.18,42.11,20.48,49.22,-139.27,44.38,8.89,47.11,34.7,34.6,35,34.7,35,35.3,49.5,49.7,48.1,49.6,48.8,47.7
12:25:09,135.03,42.46,22.67,49.61,-63.55,45.07,9.15,47.8,34.7,34.6,35,34.8,35,35.3,49.4,49.6,48,49.4,48.6,47.5
12:25:19,134.02,39.88,21.21,47.22,-128.63,42.41,10.45,45.31,34.7,34.6,35,34.8,35,35.4,49.4,49.7,48.1,49.5,48.7,47.4
12:25:29,134.19,40.48,20.81,47.86,-391.52,39.35,10.06,45.44,34.6,34.6,35,34.8,35,35.4,49.4,49.6,48,49.4,48.6,47.2
12:25:39,133.95,40.59,17.1,47.96,-316.28,36.47,11.42,45.56,34.6,34.6,35,34.7,35,35.3,49.5,49.6,48.1,49.4,48.7,47.2
12:25:49,136.15,41.47,19.07,48.62,-130.24,39.19,11.21,46.46,34.7,34.7,35.1,34.8,35.2,35.4,49.3,49.3,47.8,49.3,48.5,47.3
12:25:59,137.74,40.88,18.02,48.15,-195.82,38.3,14,45.81,34.8,34.8,35.2,34.9,35.2,35.5,49.2,49.1,47.6,49.1,48.3,47
12:26:09,142.04,39.65,20.9,47.34,-38.01,39.11,12.15,44.79,34.9,34.9,35.2,35,35.3,35.6,48.9,48.8,47.4,48.8,48.1,46.8
12:26:19,139.42,42.34,20.78,49.82,41.63,45.28,11.4,47.67,34.9,34.9,35.1,34.9,35.2,35.5,48.8,48.8,47.5,48.8,48,46.7
12:26:29,140.07,41.31,22.07,48.3,23.44,44.94,9.62,46.31,34.7,34.7,35,34.8,35.1,35.4,48.7,48.7,47.5,48.8,48,46.8
12:26:39,139.02,41.67,18.75,48.82,17.33,45.75,9.06,46.84,34.7,34.7,35,34.7,35,35.3,49.2,49.2,47.9,49.3,48.4,47.1
12:26:49,138.16,41.39,15.84,48.68,31.97,46.46,8.01,46.73,34.6,34.6,34.9,34.7,35,35.3,49.2,49.3,47.9,49.3,48.3,47.1
12:26:59,134.76,41.47,18.19,48.91,18.63,46.7,6.56,46.82,34.5,34.4,34.8,34.6,34.9,35.2,49.3,49.5,48.1,49.4,48.4,47.2
12:27:09,132.72,40.25,11.67,47.28,-5.11,44.38,5.2,45.35,34.4,34.2,34.7,34.5,34.8,35.1,49.7,49.9,48.4,49.7,48.7,47.5
12:27:19,127.52,41.72,16.68,48.95,-0.43,45.17,2.79,47.03,34.3,34.2,34.7,34.5,34.8,34.9,49.9,50.1,48.5,49.8,48.8,47.6
12:27:29,126.55,43.13,4.41,50.24,-7.8,46.28,4.03,48.05,34.2,34.2,34.5,34.3,34.6,34.6,50.2,50.2,48.7,50.2,49.2,48.7
12:27:39,122.77,40.56,10.63,47.5,-2.46,43.4,3.5,45.32,33.7,33.6,34,33.8,34.2,34.1,51,51.1,49.9,51.2,50,49.7
12:27:49,122.43,40.65,18.73,47.55,-8.04,44.25,1.37,45.56,33.4,33.4,33.7,33.5,33.8,33.8,51.9,52,50.7,52.2,51,50.7
12:27:59,122.74,41.26,18.31,48.21,-3.98,45.44,0.87,46.11,33.5,33.5,33.9,33.5,34,33.8,52.3,52.2,50.8,52.6,51.2,51.1
12:28:09,119.03,40.65,17.02,47.39,-64.32,44.54,-0.14,45.59,33.6,33.6,34,33.6,34,34,51.9,51.9,50.5,52.1,50.9,50.5
12:28:19,116.42,41.02,18.77,47.9,-91.77,44.52,-0.46,45.99,33.6,33.6,nan,33.7,34.1,34.1,51.7,51.7,nan,51.9,50.7,50.2
12:28:29,116.81,39.45,14.4,46.31,-392.18,39.43,1.14,44.08,33.7,33.6,34,33.7,34.1,34.3,51.5,51.7,50.2,51.8,50.6,49.7
12:28:39,114.29,39.95,15.35,46.96,-389.66,36.98,2.05,44.9,33.8,33.7,34.1,33.8,34.2,34.4,51.3,51.5,50.1,51.6,50.4,49.5
12:28:49,113.89,40.92,11.7,48.08,-379.36,35.93,6.23,45.61,34,33.9,34.3,34.1,34.4,34.7,50.8,51,49.6,51,50.1,48.8
12:28:59,119.91,40.03,15.2,47.55,-347,36.6,8.36,44.93,34.1,34,34.4,34,34.3,34.5,50.5,50.8,49.4,50.9,49.9,48.6
12:29:09,125.31,40.42,15.37,47.95,-453.8,33.05,10.39,45.25,34.2,34.2,34.5,34.2,34.4,34.6,50.3,50.5,49.1,50.6,50,48.9
12:29:19,129.41,41.44,19.18,48.73,-417.27,34.41,12.48,46.12,34.5,34.4,34.7,34.4,34.5,34.8,49.9,50,48.7,50.3,49.8,48.5
12:29:29,133.42,40.08,16.33,47.89,-438.39,33.03,16.44,44.84,34.6,34.6,34.9,34.6,34.7,35.1,49.4,49.6,48.3,49.8,49.4,48.1
12:29:39,137.67,38.79,15.67,46.66,-106.72,34.45,15.75,44.45,34.7,34.6,34.9,34.7,34.8,35.3,49.3,49.5,48,49.5,49.1,47.5
12:29:49,143.4,39.55,18.99,47.24,-47.22,38.66,14.22,45.23,34.7,34.6,35,34.8,34.9,35.4,49.2,49.4,47.9,49.3,48.9,47.2
12:29:59,149.23,41.96,12.36,49.57,-38.09,43.11,15.18,47.56,34.6,34.5,34.9,34.7,34.8,35.4,49.5,49.7,48.1,49.5,49.1,47.1
12:30:09,148.36,41.45,18.2,49.24,-16.34,44.47,14.26,47.33,34.3,34.2,34.8,34.5,34.7,35.2,49.6,49.8,48,49.4,48.8,47
12:30:19,145.56,41.42,17.68,49.22,-46.41,44.69,12,46.78,34.2,34.1,34.7,34.3,34.6,35,49.8,49.9,48.2,49.9,49,47.4
12:30:29,144.84,39.55,17.16,47.07,-45.09,42.44,10.94,44.74,34.2,34,34.7,34.2,34.6,35,50.3,50.6,48.7,50.4,49.4,47.9
12:30:39,142.79,38.45,12.94,46.27,-42.48,41.98,11.6,43.86,34.3,34.2,34.7,34.4,34.7,35.2,50.3,50.7,48.7,50.5,49.5,47.8
12:30:49,139.31,40.66,14.99,48.15,-283.31,42.05,11.4,45.84,34.2,34,34.6,34.2,34.6,35.1,49.9,50.3,48.4,50.2,49.1,47.5
12:30:59,138.47,41.03,16.7,48.82,-403.83,38.8,12.19,46.13,34.3,34.1,34.6,34.3,34.6,35.1,49.9,50.4,48.6,50.2,49.1,47.5
12:31:09,137.25,39.38,17.71,47.38,-383.87,37.17,14.43,44.84,34.5,34.3,34.8,34.5,34.8,35.3,49.6,50,48.2,49.7,48.8,47.1
12:31:19,140.23,39.82,6.54,47.49,-402.33,35.29,17.67,44.87,34.6,34.4,34.9,34.6,34.9,35.4,49.1,49.5,47.7,49.2,48.5,46.6
12:31:29,142.98,39.22,13.59,47.44,-414.15,32.75,18.65,44.05,34.7,34.5,35,34.7,34.9,35.6,49.1,49.6,47.7,49.2,48.6,46.6
12:31:39,146.85,41.65,15.88,49.91,-426.12,34.18,21.07,46.47,34.5,34.5,35,34.6,35,35.2,49.3,49.4,47.7,49.4,48.5,47.1
12:31:49,151.31,39.26,7.66,47.57,-413.94,32.34,22.5,44.33,34.6,34.7,35.1,34.7,34.9,35,49.2,49,47.4,49.3,48.4,47.7
12:31:59,156.42,38.7,14.47,46.94,-104.31,34.18,22.4,43.72,34.7,34.8,35.1,34.7,34.9,35.1,48.7,48.5,47,48.9,48.1,47.3
12:32:09,161.35,40.51,16.4,48.64,-111.39,37.81,21.93,45.8,34.3,34.3,34.8,34.3,34.6,34.5,49.4,49.1,47.7,49.6,48.7,48.3
12:32:19,161.59,41.68,10.15,49.9,-114.85,39.63,20.28,47.04,34.3,34.5,34.9,34.4,34.7,34.7,49.7,49.4,47.8,49.7,48.8,48.6
12:32:29,162.6,40.23,10.12,48.39,-56.58,39.41,21.34,45.72,34.5,34.7,35,34.6,34.9,34.9,49.3,49.1,47.5,49.4,48.5,48
12:32:39,160.69,40.87,14.17,49.13,-55.14,40.46,20.16,46.52,34.6,34.7,35,34.7,34.9,35,49,48.8,47.3,49.1,48.3,47.6
12:32:49,161.82,41.1,17.2,49.12,-37.34,43.27,18.52,46.55,34.6,34.7,35,34.5,34.7,34.8,48.9,48.6,47.3,49.3,48.5,47.7
12:32:59,158.68,40.55,16.65,48.11,-73.52,41.94,16.13,45.8,34.7,34.7,35,34.6,34.8,34.9,48.9,48.7,47.4,49.3,48.6,47.9
12:33:09,156.66,38.87,11.31,46.73,-147.41,39.44,17.71,44.19,34.8,34.8,35.2,34.7,34.9,35.1,48.7,48.5,47,49,48.3,47.5
12:33:19,154.28,40.14,12.75,48.01,-376.64,36.79,17.38,45.2,34.9,35,35.3,34.9,35,35.2,48.5,48.3,46.9,48.8,48.2,47.2
12:33:29,154.03,38.77,12.04,46.85,-400.77,32.46,19.3,43.38,35,35,35.3,34.8,34.9,35.2,48.1,48,46.8,48.7,48.3,47.2
12:33:39,152.43,41.17,7.82,49.68,-393.32,35.18,22.47,46.16,34.9,34.9,35.1,34.8,34.9,35.2,48.2,48.1,46.9,48.7,48.4,47.1
12:33:49,157.15,38.62,17.9,46.94,-372.78,33.72,24.02,43.98,34.9,34.9,35,34.7,34.8,35.2,48.4,48.5,47.6,49.1,48.8,47.3
12:33:59,158.07,40.43,16.11,48.53,-434.48,32.89,24.33,45.7,35,35.1,35.2,35,35,35.4,48.3,48.1,47.2,48.8,48.6,47
12:34:09,164.24,39.24,12.37,47.55,-519.28,29.37,26.42,44.11,35.3,35.4,35.5,35.2,35.2,35.7,48,47.7,46.7,48.3,48.2,46.5
12:34:19,165.85,41.28,16.74,49.43,-478.55,30.41,28.45,46.27,35.4,35.4,35.6,35.4,35.4,36,47.6,47.3,46.3,47.8,47.8,45.9
12:34:29,172.18,38.68,13.28,47.1,-515.45,27.34,31.37,43.71,35.6,35.7,35.9,35.7,35.5,36.2,47.5,47.3,46.1,47.4,47.5,45.6
12:34:39,176.05,40.1,9.53,48.9,-226.83,31.42,32.01,45.53,35.6,35.7,36,35.7,35.6,36.3,47.1,46.7,45.6,47,47.1,45.2
12:34:49,179.93,40.64,10.11,49.2,-117.29,35.19,31.15,46.12,35.1,35.2,35.4,35.3,35.4,35.7,47.6,47.4,46.3,47.5,47.3,45.6
12:34:59,181.61,38.98,11.17,47.4,-76.72,35.68,30.56,44.26,34.6,34.8,35.2,35,35.2,35.5,48.6,48.1,46.7,48.1,47.6,46.5
12:35:09,183.09,40.97,14.11,49.51,-122.06,39.39,28.28,46.31,34.4,34.6,35,34.9,35,35.3,49.6,48.9,47.4,48.7,48.1,46.9
12:35:19,178.8,39.76,15.49,48.23,-57.45,39.98,27.67,45.48,34.3,34.5,35,34.6,34.7,34.7,50,49.4,47.8,49.3,48.8,48.2
12:35:29,177.66,40.68,17.01,48.63,-40.14,41.57,25.64,46.09,34.6,34.7,35.2,34.8,34.9,35,49.5,49.2,47.4,49.2,48.7,48.1
12:35:39,177.04,40.93,13.39,49.29,-157.91,41.04,27.28,46.33,34.7,34.8,35.3,35,35,35.2,49.2,48.9,47.1,48.9,48.5,47.7
12:35:49,173.3,42.26,15.78,50.88,-274,40.36,26.51,47.92,34.9,35,35.5,35.1,35.2,35.4,48.8,48.6,46.8,48.6,48.3,47.4
12:35:59,171.08,42.53,9.98,50.83,-374,37.99,25.97,48.17,35.1,35.2,35.7,35.3,35.4,35.6,48.5,48.2,46.5,48.3,48,47
12:36:09,170.93,40.45,14.98,48.72,-457.45,33.73,29.03,45.52,35.4,35.4,35.9,35.6,35.6,35.8,47.8,47.4,45.8,47.5,47.3,46.3
12:36:19,172.31,40.98,16.24,49.5,-368.75,34.93,30.77,46.4,35.4,35.5,36,35.6,35.6,35.7,47.6,47.3,45.7,47.5,47.3,46.6
12:36:29,175.86,40.3,17.62,48.78,-401.83,35.47,33.08,45.65,35.6,35.7,36.2,35.8,35.8,36,46.9,46.6,44.9,46.7,46.6,45.7
12:36:39,179.48,41.37,17.5,50.04,-386.24,35.96,34.2,47,35.6,35.6,36.1,35.7,nan,36,46.6,46.4,44.5,46.3,nan,45.1
12:36:49,181.39,40.67,17.2,49.42,-270.7,37.34,34.14,46.44,35.7,35.7,36.3,35.9,35.9,36.2,46.4,46.3,44.3,46.1,45.8,44.6
12:36:59,187.75,38.72,16.47,47.75,-355.95,34.95,36.64,44.4,35.6,35.6,36.2,35.9,35.9,36.4,46.3,46.3,44.2,45.9,45.6,44.3
12:37:09,190.28,41.59,16.56,50.48,-352.93,37.38,36.21,47.54,35.5,35.3,36,35.8,35.8,36.4,46.2,46.5,44.2,45.8,45.4,43.8
12:37:19,191.19,39.66,16.12,48.88,-362.94,35.25,38.42,45.56,35.6,35.4,36.1,35.9,35.9,36.5,46.1,46.4,44.2,45.6,45.3,43.5
12:37:29,195.29,40.63,18.18,49.69,-23.02,40.1,37.57,47.03,35.6,35.5,36.1,35.9,35.9,36.6,46.1,46.3,44.1,45.5,45.3,43.3
12:37:39,193.23,41.72,17.93,50.96,-16.58,43.26,37.12,48.11,35.5,35.4,36.1,35.8,35.8,36.5,46.2,46.4,44.3,45.7,45.4,43.4
12:37:49,195.43,38.63,16.89,47.92,-148.24,40.5,35.8,45.02,35.2,35.1,35.9,35.5,35.7,36.3,46.7,46.9,44.3,46.1,45.6,43.8
12:37:59,194.94,39.03,17.94,48.2,-144.3,40.01,35.46,45.19,35.1,35,35.9,35.4,35.7,36.3,47,47.4,44.6,46.6,45.8,44
12:38:09,192.2,39.28,17.38,48.27,-311.53,38.33,36.02,45.36,35.1,35,35.9,35.4,35.7,36.3,47.2,47.4,44.7,46.8,45.9,44.1
12:38:19,193.39,39.75,18,48.97,-74.82,39.97,34.68,45.97,35.1,35,35.9,35.3,35.7,36.3,47.2,47.4,44.7,46.8,45.9,44.1
12:38:29,190.29,39.11,17.18,48.26,-214.84,40.5,35.93,45.4,35.1,35.1,35.9,35.4,35.7,36.3,47.2,47.2,44.7,46.8,45.8,44
12:38:39,192.24,38.65,19.62,47.94,-214.92,39.49,35.07,44.98,35,35.1,35.8,35.4,35.6,36.3,47.4,47.3,45,46.9,46,44.1
12:38:49,189.44,40.74,17.24,49.86,-112.22,42.28,33.74,46.97,35,35,35.8,35.3,35.6,36.3,47.7,47.5,45.1,47.1,46.2,44.3
12:38:59,189.45,41.23,15.05,50.19,-224.74,41.91,34.39,47.34,34.9,34.9,35.7,35.2,35.6,36.3,47.8,47.8,45.3,47.3,46.3,44.4
12:39:09,190.55,38.17,17.99,47.2,-355.59,37.18,37.01,44.22,34.9,34.9,35.6,35.2,35.5,36.3,48,48.1,45.6,47.6,46.6,44.4
12:39:19,192.23,40.37,16.94,49.8,-332.59,38.92,35.43,46.85,35,34.9,35.6,35.3,35.6,36.3,48,48.2,45.9,47.7,46.7,44.5
12:39:29,190.43,40.08,19.5,49.38,-413.84,37.13,37.16,46.2,35.1,35,35.6,35.4,35.6,36.5,47.8,48,45.7,47.4,46.6,44.3
12:39:39,192.43,39.58,8.81,48.97,-433.86,34.26,39.89,45.95,35.3,35.1,35.7,35.4,35.7,36.5,47.7,48,45.9,47.5,46.7,44.3
12:39:49,194.84,39.84,4.3,49.1,-408.95,33.37,39.64,45.47,35.4,35.2,35.8,35.6,35.8,36.7,47.4,47.8,45.7,47.2,46.5,44
12:39:59,195.79,39.18,17.68,48.61,-466.23,30.15,40.6,45.21,35.1,34.8,35.3,35.2,35.3,35.8,47.4,47.8,46.1,47.2,46.8,44.4
12:40:09,201.97,40.66,17.21,50.35,-297.13,32.73,41.14,46.81,34.8,34.5,35,34.9,35.2,35.8,48.6,49.2,47.3,48.4,47.5,45.7
12:40:19,203.26,40.1,18.86,49.48,-296.46,33.69,41.74,46.25,35,34.8,35.3,35.2,35.4,36.1,48.3,48.8,47,48.2,47.5,45.4
12:40:29,207.73,38.53,5.03,48.16,-405,31.29,44.19,44.71,35.3,35.1,35.5,35.4,35.5,36.4,48,48.3,46.7,47.9,47.3,44.9
12:40:39,208.73,40.24,5.86,50.28,-300.78,33.27,44.03,46.43,35.4,35.2,35.5,35.5,35.5,36.4,47.6,48,46.5,47.5,47.2,44.6
12:40:49,207.67,38.84,13.44,48.73,-412.57,33.29,45.63,45.02,35.4,35.2,35.6,35.4,35.5,36,47.7,48,46.6,47.8,47.5,45.5
12:40:59,209.38,40.55,17.65,50.27,-424.44,33.58,44.94,47,35,35.1,35.6,35.2,35.4,35.6,48.4,48.3,46.8,48.3,47.7,46.6
12:41:09,210.02,41.58,16.87,51.45,-483.2,32.62,45.82,47.73,35.3,35.4,35.8,35.6,35.6,36,48.2,48,46.3,47.9,47.4,46.2
12:41:19,215.44,39.82,18.76,49.73,-420.04,31.1,48.14,46.4,35.6,35.6,36,35.9,35.9,36.3,47.6,47.5,45.9,47.3,47,45.5
12:41:29,215.9,40.02,16.4,49.86,-437.29,32.1,50.12,46.59,35.9,35.9,36.3,36.1,36.1,36.7,47,47,45.5,46.8,46.6,44.9
12:41:39,221.98,39.28,17.7,49.34,-340.04,33.94,51.88,46.07,36.1,36.1,36.5,36.4,36.3,37.1,46.6,46.6,45.1,46.4,46.2,44.1
12:41:49,225.3,39.26,19.03,49.34,-413.87,35.1,51.98,45.94,36.2,36.1,36.5,36.4,36.3,37.2,46.3,46.4,44.8,46,45.9,43.6
12:41:59,224.72,41,12.17,51.45,-112.57,37.71,51.56,47.65,36.1,36,36.5,36.4,36.4,37.2,45.9,46.1,44.4,45.7,45.5,43.2
12:42:09,229.05,38.3,17.67,48.41,-6.39,37.72,52.66,45.11,36.1,35.9,36.5,36.4,36.4,37.3,46.2,46.5,44.6,45.9,45.6,43.1
12:42:19,230.32,40.36,16.94,50.8,46.03,43.89,49.34,47.35,36.1,35.9,36.5,36.3,36.4,37.3,46.4,46.8,45,46.1,45.7,43.3
12:42:29,229.95,40.22,16.65,50.27,25.35,44.56,46.92,47.18,35.9,35.7,36.2,36.1,36.3,37,46.3,46.7,44.7,46,45.5,43.3
12:42:39,225.84,39.66,17.22,49.53,29.05,44.67,45.38,46.33,35.8,35.5,36.1,35.9,36.2,36.9,46.6,47.2,45.1,46.4,45.6,43.5
12:42:49,219.95,38.79,17.05,48.71,26.99,44.39,41.89,45.6,35.7,35.4,36,35.8,36.1,36.8,46.6,47.2,45.2,46.5,45.6,43.6
12:42:59,215.3,42.95,16.84,52.68,-1.84,47.83,38.38,49.59,35.6,35.3,35.8,35.7,36,36.7,47,47.6,45.7,46.9,45.9,43.9
12:43:09,209.9,39.73,18.3,49.17,0.17,44.68,37.59,46.38,35.6,35.3,35.8,35.7,36,36.6,47.1,47.8,45.9,47.1,46.1,44.3
12:43:19,208.23,38.61,16.9,48.13,20.03,43.45,35.67,44.95,35.5,35.3,35.8,35.6,36,36.6,47.4,48,46.1,47.3,46.4,44.6
12:43:29,202.11,41.01,17.58,50.13,-2.87,45.56,35.06,47.35,35.5,35.3,35.7,35.6,35.9,36.3,47.5,48,46.1,47.4,46.4,44.6
12:43:39,197.73,42.32,11.05,51.58,-32.97,46.2,31.92,48.72,35.4,35.3,35.7,35.5,35.8,36.2,47.6,48,46.1,47.5,46.5,45
12:43:49,196.25,38.71,20.07,47.82,-49.84,42.68,31.35,45.1,35.5,35.4,35.8,35.7,35.9,36.4,47.5,47.8,46.1,47.5,46.6,45.1
12:43:59,191.53,39.03,21.51,48.12,-170.92,42.42,31.47,45.24,35.5,35.5,35.9,35.7,35.9,36.4,47.5,47.6,46,47.3,46.6,45.1
12:44:09,186.64,39.02,18.12,47.89,-293.09,41.25,32.06,45.06,35.4,35.4,35.9,35.7,35.9,36.4,47.4,47.4,45.8,47.1,46.4,44.8
12:44:19,184.92,39.27,18.76,48.15,-196.11,39.17,31.47,45.45,35.4,35.4,35.9,35.7,36,36.5,47.6,47.4,45.7,47.1,46.3,44.7
12:44:29,182.46,39.3,20.77,48.37,-339.88,37.78,33.7,45.27,35.4,35.5,35.9,35.8,36,36.6,47.5,47.4,45.6,46.9,46.2,44.4
12:44:39,184.5,38.77,19.1,47.89,-407.25,36.03,34.81,44.64,35.3,35.4,36,36,36,36.6,47.6,47.4,45.5,46.5,46.2,44.3
12:44:49,185.11,39.39,19.63,48.51,-318.41,36.66,35.41,45.55,35.4,35.4,36,36,36,36.7,47.6,47.4,45.5,46.4,46.2,44.2
12:44:59,188.08,38.09,20.45,47.18,-294.55,36.58,36.13,44.21,35.4,35.4,36,36,36.1,36.8,47.5,47.3,45.4,46.2,45.9,43.8
12:45:09,189.85,39.14,21.05,48.52,-366.13,37.28,37.94,45.48,35.3,35.2,35.9,35.8,36,36.6,47.4,47.6,45.3,46.4,45.8,43.9
12:45:19,191.5,41.57,18.81,50.88,-163.77,39.97,37.19,47.96,35.1,35.1,35.9,35.7,35.9,36.6,47.8,47.8,45.5,46.8,46.1,44.1
12:45:29,193.14,40.6,19.3,50.01,-398.47,38.44,38.29,46.96,35.1,35.2,35.9,35.6,36,36.6,48.1,48,45.6,47.2,46.2,44.2
12:45:39,196.6,38.68,17.84,47.98,-35.34,37.24,37.67,45.04,35,35,35.8,35.5,35.9,36.6,48.3,48.2,45.7,47.4,46.3,44.3
12:45:49,199.13,37.78,13.59,47.3,-30.54,39.31,36.84,44.21,35.2,35.2,35.9,35.6,35.9,36.7,48.2,48.1,45.8,47.5,46.4,44.4
12:45:59,198.33,41.3,17.51,50.72,-2.22,44.17,35.17,47.66,35.1,35.1,35.8,35.5,35.9,36.6,48.2,48.2,46,47.5,46.5,44.4
12:46:09,196.37,40.66,15.94,50.04,-4.49,44.58,33.75,47.16,35.1,35.1,35.7,35.5,nan,36.6,47.8,48,45.7,47.2,nan,44.1
12:46:19,192.05,40.49,19.59,49.72,-36.83,43.71,31.27,46.66,34.9,34.9,35.5,35.2,35.7,36.3,47.9,48,45.9,47.4,46.2,44.2
12:46:29,189.99,41.03,18.72,50.22,-103.34,44.1,30.04,47.24,34.9,34.9,35.4,35.1,35.6,35.9,48.3,48.3,46.3,48,46.7,45.3
12:46:39,187.3,40.21,18.51,49.3,-127.01,41.57,28.47,46.4,35.1,35,35.5,35.2,35.6,35.9,48,48,46.1,47.8,46.5,45.4
12:46:49,183.45,40.15,20.88,49.04,-313.02,40.91,29.56,46.2,35.1,35.1,35.6,35.3,35.6,36,47.7,47.7,45.9,47.5,46.3,45.1
12:46:59,180.43,40.5,17.45,49.51,-443.57,37.7,29.58,46.3,35.1,35.2,35.7,35.4,35.7,36.1,47.6,47.6,45.7,47.3,46.2,45
12:47:09,179.33,40.5,19.72,49.62,-335.95,35.49,30.35,46.47,35.4,35.3,35.8,35.6,35.9,36.3,47.5,47.4,45.6,47.2,46.2,44.8
12:47:19,181.01,39.06,21.43,48.28,-151.71,36.53,32.02,45.27,35.7,35.6,36,35.8,36.1,36.6,46.8,46.8,45.1,46.5,45.7,44.1
12:47:29,185.74,38.45,15.96,47.51,-350.5,37.17,34.35,44.82,35.6,35.6,36.1,35.9,36.1,36.7,46.7,46.7,44.9,46.4,45.6,43.9
12:47:39,187.63,40.29,17.46,49.47,-352.1,37.72,35.13,46.45,35.4,35.4,35.9,35.7,36,36.6,46.6,46.7,44.7,46.1,45.3,43.5
12:47:49,189.12,40.39,15.3,49.93,-356.59,36.52,36.17,46.6,35.4,35.3,35.8,35.7,36,36.7,46.3,46.6,44.5,45.9,45,43.1
12:47:59,190.21,39.61,17.79,49.03,-409.4,35.06,37.96,46.03,35.5,35.4,35.9,35.8,36.1,36.9,46.2,46.6,44.5,45.7,44.9,42.7
12:48:09,193.78,40.69,19.84,50.15,-332.49,37.09,40.55,46.72,35.6,35.4,36,35.9,36.2,37.1,46.1,46.6,44.5,45.7,44.9,42.5
12:48:19,198.06,39.53,14.81,49.24,-356.18,36.45,41.62,46.22,35.7,35.4,36,35.9,36.2,37.2,45.7,46.2,44.2,45.2,44.4,41.9
12:48:30,200.55,40.8,17.4,50.71,-124.61,37.02,40.43,47.01,35.6,35.3,36,35.9,36.2,37.3,45.4,45.9,43.9,45,44.1,41.5
12:48:40,204.08,38.72,17.6,48.44,-334.84,36.83,43.2,45.27,35.6,35.4,36,35.7,36.2,36.8,45.6,46.1,44.1,45.5,44.4,42.3
12:48:50,209.52,37.95,19.26,47.92,-348.79,36.11,43.83,44.6,35.5,35.3,35.9,35.7,36.1,36.8,45.6,46.2,44.1,45.4,44.3,42.3
12:49:00,206.2,41.42,4.71,51.5,-361.45,38.01,44.98,47.76,35.6,35.3,35.9,35.7,36.1,36.9,45.8,46.4,44.3,45.5,44.5,42.3
12:49:10,209.38,38.84,17.86,48.85,-116.39,34.76,42.08,45.18,35.3,35.1,35.7,35.3,35.8,36,46,46.6,44.5,46,44.8,43.2
12:49:20,209.15,40.92,20.09,50.56,-67.24,39.55,42.42,47.34,35.1,35.1,35.7,35.1,35.7,35.8,46.8,46.9,44.9,47.2,45.5,44.7
12:49:30,212.5,39.89,15.6,49.73,-12.31,41.06,39.9,46.42,35.2,35.2,35.8,35.3,35.8,36,46.9,47,45,47,45.6,44.6
12:49:40,208.29,39.14,18.86,48.74,13.29,42.54,38.32,45.8,35.2,35.3,35.8,35.3,35.8,35.9,46.7,46.7,44.8,46.7,45.4,44.5
12:49:50,206.18,40.34,17.16,49.7,26.02,44.53,37.92,46.94,35.2,35.2,35.7,35.3,35.8,36,46.7,46.7,44.8,46.6,45.4,44.5
12:50:00,203.38,40.61,19.75,50.05,23.08,46.01,34.61,47.42,35.2,35.2,35.7,35.3,35.7,36,46.8,46.9,44.9,46.6,45.5,44.4
12:50:10,201.52,38.46,16.49,47.89,-1.39,43.79,32.92,44.91,35.1,35,35.6,35.2,35.7,35.9,46.5,46.6,44.6,46.4,45.1,44.1
12:50:20,194.42,38.82,16.5,48.08,-30.71,43.51,30.66,45.33,35,34.8,35.5,35.2,35.6,35.9,46.4,46.6,44.5,46.3,44.9,43.9
12:50:30,188.75,39.27,19.51,48.26,-19.17,43.64,30.49,45.56,35,34.8,35.5,35.2,35.6,36,46.7,47.1,44.9,46.6,45.3,44.1
12:50:40,184.36,41.84,17.48,50.9,-33.46,46.95,28.21,48.18,35.1,34.9,35.5,35.3,35.6,36,46.6,46.9,44.9,46.4,45.2,43.8
12:50:50,183.15,38.71,15.62,47.65,-241.8,42.15,27.79,44.68,34.8,34.8,35.5,35.2,35.5,35.9,47.2,47.3,45.2,46.7,45.6,44.3
12:51:00,178.6,39.23,18.14,48.3,-147.71,40.03,25.55,45.15,34.9,34.8,35.5,35.2,35.6,36,47.3,47.3,45.3,46.7,45.6,44.1
12:51:10,178.11,38.3,11.11,47.27,-126.82,37.75,27.27,44.26,35.1,35,35.5,35.2,35.6,36.1,47.2,47.4,45.5,47,45.9,44.3
12:51:20,175.29,41.02,14.22,49.91,-263.96,40.64,28.73,46.98,35.2,35.2,35.6,35.4,35.7,36.3,46.9,47.1,45.2,46.7,45.7,44
12:51:30,173.85,38.97,16.42,47.75,-465.46,35.09,28.47,44.64,35.2,35.2,35.6,35.3,35.6,35.9,47,47.2,45.4,46.9,46.1,44.6
12:51:40,176.48,39.67,18.77,48.64,-517.19,32.17,30.97,45.44,35.5,35.4,35.8,35.6,35.8,36.2,47,47,45.3,46.8,46,44.6
12:51:50,176.27,41.11,20.89,50.15,-410.58,34.17,32.6,46.99,35.7,35.6,36,35.8,36,36.5,46.4,46.4,44.9,46.4,45.6,44.1
12:52:00,179.72,38.44,17.28,47.62,-456.65,31.72,34.96,44.61,35.9,35.8,36.2,36,36.2,36.7,45.8,45.9,44.6,45.8,45.2,43.5
12:52:10,185.53,39.63,16.03,49.03,-525.06,30.66,37.03,45.64,36,36,36.3,36.2,36.4,36.9,45.5,45.6,44.1,45.4,44.8,43.1
12:52:20,188.67,40.53,5.41,50.03,-387.52,30.74,40.6,46.1,36.1,36.1,36.4,36.2,36.4,36.9,45.5,45.6,44,45.3,44.7,43
12:52:30,194.17,38.79,18.17,48.49,-515.67,27.66,40.64,44.55,35.9,35.7,35.9,35.9,35.8,36.5,45.5,45.7,44.4,45.5,45.1,43.4
12:52:40,198.27,40.27,14.5,49.94,-508.84,28.99,41.27,46.11,35.7,35.6,35.8,35.6,35.7,36.2,46.4,46.5,45.4,46.9,46.2,44.8
12:52:50,201.3,40.41,13.92,50.37,-514.52,28.74,43.89,46.43,36,35.9,36.2,35.9,36,36.5,45.9,46,44.9,46.4,45.9,44.2
12:53:00,206.26,39.61,18.34,49.75,-518.95,28.63,46.28,46.11,35.8,35.8,36.1,35.8,35.8,36.1,46.1,46.1,45,46.4,46.1,44.7
12:53:10,210.51,41.9,18.15,51.66,-550.5,29.3,46.74,48,36.2,36.2,36.4,36.1,36.1,36.5,45.8,45.8,44.5,46.2,45.9,44.6
12:53:20,215.98,39.94,19.02,49.8,-453.45,29.7,46.97,46.15,36.5,36.5,36.7,36.4,36.4,36.9,45.1,45.2,44,45.5,45.3,43.9
12:53:30,217.65,39.26,16.96,49.31,-469.6,28.49,50.96,45.73,36.7,36.6,36.9,36.6,36.6,37.2,44.5,44.6,43.4,44.9,44.7,42.9
12:53:40,221.89,39.6,18.67,49.75,-508.05,29.03,52.66,46.11,36.8,36.8,37,36.9,36.8,37.6,44.3,44.4,43.1,44.5,44.3,42.4
12:53:50,225.34,41.84,16.7,52.1,-515.21,29.59,53.29,48.15,36.9,36.9,37.2,37,37,37.7,44.3,44.3,42.8,44.2,44.1,42
12:54:00,227.11,39.4,19.84,49.63,-445.35,30.24,55.13,46.08,37,37,37.3,37.1,37,37.8,43.9,43.9,42.6,43.9,43.7,41.7
12:54:10,230.95,38.62,19.96,48.91,-459.17,30.11,56.93,45.2,37.2,37.1,37.4,37.3,37.1,38,43.5,43.7,42.3,43.6,43.5,41.3
12:54:20,235.77,41.06,19.63,51.8,-490.52,30.74,56.35,47.98,37.3,37.2,37.6,37.5,37.3,38.2,43.3,43.5,42.1,43.2,43.3,41.1
12:54:30,237.36,40.24,19.67,50.47,-504.08,29.71,57.05,46.87,37.5,37.4,37.8,37.6,37.5,38.4,43.3,43.4,42,43.2,43,40.7
12:54:40,240.5,39.43,19.45,50.06,-511.85,29.06,60.31,46.19,37.5,37.5,37.9,37.8,37.7,38.7,43,43,41.5,42.5,42.5,40.1
12:54:50,243.64,40.82,21.29,51.7,-344.56,33.53,60.53,47.43,37.6,37.6,38,38,37.8,38.9,42.7,42.7,41.1,42,42.2,39.6
12:55:00,245.56,40.44,17.49,51.05,-409.14,34.01,61.6,47.16,37.6,37.5,38,37.9,37.7,38.5,42.6,42.7,41,42.1,42.1,40
12:55:10,247.59,39.83,20.9,50.96,-451.49,33.99,62.29,46.93,37.5,37.4,37.9,37.8,37.8,38.6,42.7,42.9,41.1,42.3,42.1,40
12:55:20,250.89,39.02,21.33,50.12,-395.25,34.21,63.84,46.35,37.5,37.4,38,37.9,37.9,38.8,42.7,43,41,42.3,42,39.8
12:55:30,252.19,40.06,19.11,51.12,-438.71,34.48,64.91,47.27,37.6,37.4,38.1,38,38,38.9,42.5,42.8,40.7,41.9,41.7,39.5
12:55:40,252.67,39.5,20.78,50.91,-455.12,32.88,64.65,46.84,37.6,37.4,38.1,38,38,39.1,42.6,42.9,40.8,41.9,41.6,39.1
12:55:50,255.7,40.61,14.7,51.98,-415.54,32.11,65.61,47.88,37.6,37.4,38.2,38.1,38.1,39.2,42.6,42.9,40.7,41.9,41.6,38.9
12:56:00,258.67,40.32,6.37,51.83,-363.8,31.41,67.35,47.46,37.6,37.5,38.3,38.1,38.1,39.2,42.7,42.9,40.6,41.9,41.5,38.8
12:56:10,261.56,39.24,8.64,50.99,-369.11,30.68,67.19,46.17,36.5,36.3,36.7,36.7,36.9,38,44.1,44.3,42.6,43.6,43,40.3
12:56:20,259.81,40.96,8.68,52.61,-398.4,32.3,67.18,47.91,35.7,35.4,35.6,35.6,35.8,36.7,46.1,46.7,45.5,46.3,45.6,43.1
12:56:30,261.84,41.18,19.29,52.6,-444.06,32.4,67.24,48.09,35.5,35.2,35.5,35.3,35.7,36.6,47.2,47.8,46.6,47.7,46.8,44.2
12:56:40,266.56,38.85,19.76,50.15,-472.04,29.02,67.77,45.96,35.8,35.6,36,35.8,36.1,37,46.7,47.3,45.8,47.2,46.2,43.8
12:56:50,262.27,42.45,20.26,54.13,-429.12,32.16,69.8,49.63,36.1,35.9,36.3,36.2,36.4,37.3,46.1,46.5,45,46.2,45.5,42.9
12:57:00,268.03,39.83,21.47,51.62,-455.06,31.07,70.24,47.14,35.8,35.8,36.1,36,36.3,37.3,45.9,46.1,44.8,45.8,45.1,42.4
12:57:10,269.63,40.97,20.22,52.22,-369.68,33.43,70.26,48.36,35.9,35.8,36.1,36.1,36.4,37.4,46.7,46.9,45.6,46.5,45.7,43
12:57:20,271.62,40.18,23.77,51.57,-369.25,34.58,71.38,47.94,36.3,36.2,36.6,36.5,36.6,37.8,45.7,46,44.5,45.5,44.9,42
12:57:30,273.39,40.53,23.84,51.82,-358.74,35.5,71.74,48.06,36.5,36.5,36.9,36.8,36.8,38,45.1,45.2,43.7,44.8,44.3,41.4
12:57:40,272.65,39.07,23.03,50.38,-396.66,33.8,72.87,46.71,36.6,36.7,37.1,37,37,38.3,44.8,44.7,43.2,44.3,43.9,40.9
12:57:50,273.15,41.49,22.91,52.91,-383.45,37.05,72.52,49.11,36.8,36.8,37.3,37.2,37.2,38.5,44.4,44.4,42.7,43.8,43.5,40.5
12:58:00,274.94,39.33,21.93,51.01,-411.66,34.1,73.94,47.19,36.9,36.9,37.4,37.2,37.3,38.6,44.1,44,42.2,43.6,43,40
12:58:10,276.9,40.15,22.84,51.73,-407.78,34.96,73.51,48.18,37,37.1,nan,37.5,37.5,38.9,43.8,43.7,nan,43.2,42.7,39.5
12:58:20,278.35,39.3,22.67,51.05,-351.87,35.2,74.56,47.42,37.2,37.3,37.7,37.6,37.6,39,43.5,43.3,41.5,42.8,42.3,39.1
12:58:30,279.05,40.62,25.16,52.45,-299.39,38,74.55,48.64,37.1,37.4,37.8,37.7,37.7,39.2,43.4,43,41.3,42.5,42.1,38.9
12:58:40,279.41,39.83,24.32,51.62,-376.3,36.72,73.95,47.69,36.9,37.2,37.8,37.5,37.8,39,43.6,42.9,41,42.6,41.8,38.8
12:58:50,278.64,41.2,23.49,52.85,-391.95,37.79,75.15,49.02,36.9,37.1,37.9,37.4,37.8,39,43.7,43.1,40.9,42.8,41.6,38.9
12:59:00,280.52,38.43,26.23,50.37,-397.79,34.4,75.69,46.18,37,37.2,37.9,37.5,37.9,39.1,43.7,43.3,41.1,43,41.7,38.9
12:59:10,281.35,39.56,22.21,51.58,-245.73,38.22,74.11,47.69,37.2,37.2,37.9,37.6,38,39.2,43.5,43.3,41,42.8,41.5,38.8
12:59:20,283.24,41.24,23.27,53.34,-283.39,41.35,75.43,49.48,37,37,37.9,37.4,38,38.9,43.1,43,40.7,42.5,41.3,38.7
12:59:30,281.13,39.75,18.05,51.61,-316.4,38.17,75.85,47.62,36.7,36.6,37.5,37.2,37.7,38.7,43.8,43.8,41.4,43.1,41.7,39.2
12:59:40,282.94,39.86,22.28,51.93,-393.94,35.86,74.07,47.7,36.6,36.5,37.4,37.1,37.7,38.7,44.4,44.5,41.9,43.5,42,39.5
12:59:50,282.04,38.91,24.44,51.15,-354.48,35.24,75.52,46.77,36.6,36.6,37.4,37.1,37.7,38.7,44.7,44.8,42.3,44,42.4,39.9
13:00:00,282.65,40.42,24.82,52.85,-405.38,36.98,75.11,48.49,36.8,36.8,37.5,37.2,37.7,38.8,44.4,44.5,42.1,43.6,42.2,39.7
13:00:10,282.33,40.89,25.12,52.85,-352.09,37.86,74.97,49.02,36.9,36.9,37.6,37.3,37.7,38.9,44.2,44.3,42.1,43.6,42.3,39.6
13:00:20,283.8,40.55,25.87,52.79,-288.11,39.31,76.14,48.87,37,36.9,37.5,37.4,37.7,38.9,43.9,44,42,43.3,42.1,39.4
13:00:30,284.51,39.34,26.31,51.67,-310.33,37.91,74.35,48.03,36.7,36.7,37.4,37.2,37.6,38.8,44,44,41.8,43.2,42.1,39.4
13:00:40,283.05,40.36,25.66,52.64,-316.41,39.12,73.66,48.77,36.7,36.7,37.5,37.3,37.6,38.8,44.2,44.2,41.9,43.4,42.3,39.5
13:00:50,284.06,39.81,26.24,51.85,-355.36,37.9,73.06,47.78,36.7,36.7,37.4,37.2,37.5,38.7,44.3,44.3,42.1,43.5,42.4,39.6
13:01:00,284.51,39.58,24.64,51.94,-377.16,36.93,74.72,47.79,36.8,36.7,37.4,37.2,37.5,38.7,44.2,44.4,42.2,43.6,42.5,39.7
13:01:10,284.71,39.42,26.61,51.79,-363.67,36.37,75.09,47.56,36.8,36.7,37.4,37.3,37.5,38.8,44,44.2,42.1,43.3,42.3,39.5
13:01:20,283.74,39.55,22.55,51.76,-381.73,37.47,75.24,48.26,36.9,36.8,37.4,37.4,37.6,38.9,43.7,44,41.9,43,42.1,39.1
13:01:30,283.95,41.87,22.62,53.99,-361.89,38.37,71.55,50.29,36.8,36.6,37.2,37.3,37.5,38.8,43.7,44.1,42,42.9,42.1,39.1
